{"stat.walkOneCm":22953,"stat.pickup.galacticraftcore.collector":1,"stat.drop.galacticraftcore.sensor_lens":1,"stat.useItem.minecraft.iron_axe":6,"stat.mineBlock.minecraft.log2":39,"stat.useItem.minecraft.log2":1,"stat.killEntity.Husk":1,"stat.pickup.galacticraftcore.aluminum_wire":1,"stat.pickup.galacticraftcore.rocket_workbench":1,"stat.mobKills":1,"stat.pickup.galacticraftcore.buggy":1,"stat.pickup.minecraft.log2":35,"stat.talkedToVillager":7,"stat.useItem.minecraft.diamond_sword":3,"stat.flyOneCm":53467,"stat.drop.galacticraftcore.buggy":1,"stat.drop":6,"stat.jump":72,"stat.swimOneCm":181,"stat.playOneMinute":145991,"stat.sneakTime":1325,"stat.pickup.tombstone.decorative_grave_cross":1,"stat.useItem.galacticraftcore.bucket_oil":3,"stat.damageDealt":509,"stat.drop.mca.baby_boy":1,"stat.drop.minecraft.sapling":2,"stat.crouchOneCm":1616,"stat.timeSinceDeath":145991,"stat.pickup.minecraft.sapling":2,"stat.drop.tombstone.voodoo_poppet":1,"stat.pickup.tombstone.voodoo_poppet":1,"stat.sprintOneCm":244,"stat.useItem.minecraft.stone_slab2":103,"stat.useItem.minecraft.spawn_egg":1,"stat.diveOneCm":318,"stat.pickup.galacticraftcore.dishbase":1,"stat.useItem.tombstone.decorative_grave_cross":1}