{"stat.walkOneCm":17100,"stat.pickup.galacticraftcore.collector":1,"stat.drop.galacticraftcore.sensor_lens":1,"stat.useItem.minecraft.iron_axe":6,"stat.mineBlock.minecraft.log2":39,"stat.killEntity.Husk":1,"stat.pickup.galacticraftcore.aluminum_wire":1,"stat.pickup.galacticraftcore.rocket_workbench":1,"stat.mobKills":1,"stat.pickup.galacticraftcore.buggy":1,"stat.pickup.minecraft.log2":35,"stat.flyOneCm":47693,"stat.drop.galacticraftcore.buggy":1,"stat.drop":6,"stat.jump":60,"stat.playOneMinute":134291,"stat.sneakTime":1247,"stat.pickup.tombstone.decorative_grave_cross":1,"stat.damageDealt":290,"stat.drop.mca.baby_boy":1,"stat.drop.minecraft.sapling":2,"stat.crouchOneCm":1480,"stat.timeSinceDeath":134291,"stat.pickup.minecraft.sapling":2,"stat.drop.tombstone.voodoo_poppet":1,"stat.pickup.tombstone.voodoo_poppet":1,"stat.sprintOneCm":244,"stat.useItem.minecraft.stone_slab2":86,"stat.pickup.galacticraftcore.dishbase":1,"stat.useItem.tombstone.decorative_grave_cross":1}