{"stat.drop.galacticraftcore.standard_wrench":1,"stat.flyOneCm":12807,"stat.drop.galacticraftcore.nose_cone":1,"stat.walkOneCm":12355,"stat.drop":6,"stat.drop.galacticraftcore.sensor_lens":1,"stat.jump":24,"stat.playOneMinute":33146,"stat.useItem.galacticraftcore.bucket_fuel":1,"stat.pickup.galacticraftcore.bucket_fuel":1,"stat.useItem.galacticraftcore.rocket_t1":4,"stat.sneakTime":1548,"stat.pickup.galacticraftcore.rocket_t1":1,"stat.crouchOneCm":2056,"stat.drop.galacticraftcore.rocket_t1":2,"stat.timeSinceDeath":33146,"stat.useItem.minecraft.stone_slab2":54,"stat.drop.galacticraftcore.rocket_fins":1}