{"stat.walkOneCm":12498,"stat.pickup.galacticraftcore.collector":1,"stat.useItem.minecraft.iron_axe":6,"stat.mineBlock.minecraft.log2":39,"stat.killEntity.Husk":1,"stat.pickup.galacticraftcore.aluminum_wire":1,"stat.pickup.galacticraftcore.rocket_workbench":1,"stat.mobKills":1,"stat.pickup.galacticraftcore.buggy":1,"stat.pickup.minecraft.log2":35,"stat.flyOneCm":45788,"stat.drop.galacticraftcore.buggy":1,"stat.drop":5,"stat.jump":36,"stat.playOneMinute":85691,"stat.sneakTime":769,"stat.pickup.tombstone.decorative_grave_cross":1,"stat.damageDealt":290,"stat.drop.mca.baby_boy":1,"stat.drop.minecraft.sapling":2,"stat.crouchOneCm":745,"stat.timeSinceDeath":85691,"stat.pickup.minecraft.sapling":2,"stat.drop.tombstone.voodoo_poppet":1,"stat.pickup.tombstone.voodoo_poppet":1,"stat.useItem.minecraft.stone_slab2":61,"stat.pickup.galacticraftcore.dishbase":1,"stat.useItem.tombstone.decorative_grave_cross":1}