{"stat.pickup.minecraft.redstone_torch":2,"stat.horseOneCm":10635,"stat.leaveGame":9,"stat.drop.minecraft.gunpowder":4,"stat.pickup.minecraft.stone_pickaxe":1,"stat.pickup.minecraft.flint":3,"stat.pickup.tombstone.familiar_stone":1,"stat.drop.forge.bucketfilled":1,"stat.drop.minecraft.enchanted_book":1,"stat.swimOneCm":25117,"stat.useItem.minecraft.planks":1,"stat.craftItem.minecraft.shield":1,"stat.pickup.buildcraftfactory.flood_gate":1,"stat.climbOneCm":419,"stat.pickup.minecraft.enchanted_book":1,"stat.useItem.minecraft.dirt":4,"stat.useItem.minecraft.stone_slab2":370,"stat.pickup.minecraft.bow":3,"stat.pickup.minecraft.rotten_flesh":53,"stat.pickup.minecraft.sand":1,"stat.craftItem.minecraft.furnace":1,"stat.entityKilledBy.Spider":1,"stat.useItem.minecraft.egg":1,"stat.craftItem.minecraft.stone_axe":1,"stat.craftItem.minecraft.stone_pickaxe":1,"stat.craftItem.minecraft.cooked_beef":2,"stat.pickup.minecraft.cobblestone":249,"stat.flyOneCm":1304920,"stat.pickup.minecraft.glass_bottle":2,"stat.mineBlock.minecraft.sand":1,"stat.drop.minecraft.wheat_seeds":6,"stat.drop.tombstone.gift":1,"stat.useItem.minecraft.cooked_beef":7,"stat.mineBlock.minecraft.iron_ore":28,"stat.drop.minecraft.tnt":1,"stat.timeSinceDeath":183042,"stat.drop.minecraft.log":2,"stat.useItem.minecraft.iron_pickaxe":24,"stat.craftItem.minecraft.wooden_pickaxe":2,"stat.pickup.minecraft.double_plant":2,"stat.pickup.travelersbackpack.travelers_backpack":1,"stat.furnaceInteraction":15,"stat.drop.minecraft.dirt":5,"stat.mineBlock.minecraft.coal_ore":4,"stat.killEntity.Creeper":1,"stat.talkedToVillager":47,"stat.drop.minecraft.red_flower":3,"stat.pickup.minecraft.string":15,"stat.drop.minecraft.log2":1,"stat.pickup.minecraft.beef":6,"stat.pickup.tombstone.crafting_ingredient":13,"stat.useItem.minecraft.milk_bucket":2,"stat.drop.minecraft.stained_hardened_clay":1,"stat.entityKilledBy.Skeleton":1,"stat.craftItem.minecraft.stone_slab2":0,"stat.sprintOneCm":93182,"stat.craftItem.minecraft.stick":28,"stat.craftItem.minecraft.wooden_axe":3,"stat.drop.minecraft.potion":1,"stat.pickup.mca.rose_gold_ore":7,"stat.pickup.tombstone.gift":1,"stat.pickup.minecraft.potion":2,"stat.useItem.minecraft.flint_and_steel":4,"stat.mineBlock.minecraft.crafting_table":2,"stat.killEntity.Husk":4,"stat.drop.minecraft.golden_apple":2,"stat.pickup.minecraft.lever":2,"stat.deaths":13,"stat.drop":54,"stat.pickup.minecraft.egg":1,"stat.playOneMinute":663839,"stat.drop.tombstone.grave_key":1,"stat.craftItem.minecraft.iron_pickaxe":1,"stat.killEntity.Zombie":6,"stat.pickup.toughasnails.canteen":1,"stat.mineBlock.minecraft.gold_ore":7,"stat.mineBlock.minecraft.tallgrass":80,"stat.diveOneCm":18106,"stat.chestOpened":14,"stat.useItem.minecraft.stone":3,"stat.drop.minecraft.wooden_pickaxe":1,"stat.pickup.minecraft.gravel":10,"stat.pickup.minecraft.arrow":4,"stat.pickup.minecraft.iron_sword":2,"stat.useItem.minecraft.glass_bottle":1,"stat.useItem.dungeontactics.iron_cutlass":4,"stat.useItem.minecraft.apple":5,"stat.pickup.dungeontactics.tin_cluster":1,"stat.drop.minecraft.flint":2,"stat.useItem.minecraft.potion":10,"stat.pickup.travelersbackpack.hose_nozzle":1,"stat.useItem.minecraft.rotten_flesh":2,"stat.jump":2197,"stat.pickup.minecraft.coal":4,"stat.fallOneCm":42521,"stat.useItem.minecraft.stone_axe":2,"stat.pickup.minecraft.gunpowder":4,"stat.crouchOneCm":13661,"stat.craftItem.minecraft.torch":8,"stat.craftItem.minecraft.iron_ingot":22,"stat.pickup.minecraft.dirt":34,"stat.craftingTableInteraction":13,"stat.pickup.minecraft.iron_ore":28,"stat.pickup.toughasnails.fruit_juice":1,"stat.mineBlock.mca.rose_gold_ore":7,"stat.useItem.minecraft.sapling":2,"stat.pickup.minecraft.gold_ore":7,"stat.pickup.buildcraftcore.fragile_fluid_shard":9,"stat.mineBlock.minecraft.leaves2":3,"tombstone:sneak_grave":1,"stat.mineBlock.minecraft.log2":24,"stat.drop.minecraft.double_plant":2,"stat.damageTaken":3987,"stat.useItem.minecraft.wooden_pickaxe":19,"stat.dispenserInspected":4,"stat.pickup.minecraft.log2":24,"stat.pickup.minecraft.planks":36,"tombstone:undead_killed":13,"stat.pickup.minecraft.wheat_seeds":18,"stat.entityKilledBy.Zombie":2,"stat.mineBlock.minecraft.gravel":1,"stat.useItem.minecraft.stone_pickaxe":144,"stat.damageDealt":3931,"stat.killEntity.Cow":2,"stat.mineBlock.minecraft.dirt":13,"stat.craftItem.minecraft.iron_sword":1,"stat.walkOneCm":388121,"stat.useItem.minecraft.torch":2,"stat.useItem.minecraft.bread":3,"stat.playerKills":1,"stat.pickup.minecraft.stick":8,"stat.useItem.buildcraftcore.volume_box":2,"stat.drop.minecraft.rotten_flesh":10,"stat.pickup.minecraft.crafting_table":2,"stat.useItem.minecraft.cobblestone":4,"stat.craftItem.minecraft.crafting_table":2,"stat.mineBlock.minecraft.double_plant":3,"stat.pickup.minecraft.log":22,"stat.pickup.minecraft.iron_pickaxe":2,"stat.useItem.tombstone.gift":1,"stat.drop.ic2.resource":1,"stat.pickup.minecraft.stone":70,"stat.drop.minecraft.sapling":4,"stat.pickup.minecraft.sapling":14,"stat.entityKilledBy.Enderman":1,"stat.useItem.minecraft.redstone_ore":2,"stat.pickup.minecraft.apple":1,"stat.pickup.minecraft.cooked_beef":6,"stat.useItem.dungeontactics.mithril_cutlass":6,"stat.killEntity.Skeleton":2,"stat.craftItem.minecraft.planks":144,"stat.useItem.minecraft.iron_sword":117,"stat.pickup.mca.book_infection":1,"stat.killEntity.Spider":3,"stat.drop.toughasnails.fruit_juice":2,"stat.mobKills":21,"stat.mineBlock.minecraft.log":19,"stat.entityKilledBy.Husk":2,"stat.useItem.minecraft.golden_apple":2,"stat.mineBlock.minecraft.leaves":3,"stat.pickup.minecraft.red_flower":3,"stat.sneakTime":10938,"stat.drop.mca.book_infection":1,"stat.drop.minecraft.arrow":1,"stat.useItem.buildcraftbuilders.quarry":3,"stat.useItem.minecraft.wooden_axe":35,"stat.mineBlock.minecraft.stone":140}