{"stat.pickup.minecraft.redstone_torch":2,"stat.horseOneCm":10635,"stat.leaveGame":9,"stat.drop.minecraft.gunpowder":4,"stat.pickup.minecraft.stone_pickaxe":1,"stat.pickup.minecraft.flint":3,"stat.pickup.tombstone.familiar_stone":1,"stat.drop.forge.bucketfilled":1,"stat.drop.minecraft.enchanted_book":1,"stat.swimOneCm":34699,"stat.useItem.minecraft.planks":1,"stat.craftItem.minecraft.shield":1,"stat.pickup.buildcraftfactory.flood_gate":1,"stat.climbOneCm":419,"stat.pickup.minecraft.enchanted_book":1,"stat.drop.minecraft.cobblestone":12,"stat.useItem.minecraft.dirt":4,"stat.useItem.minecraft.stone_slab2":373,"stat.pickup.minecraft.bow":3,"stat.drop.travelersbackpack.travelers_backpack":3,"stat.pickup.minecraft.rotten_flesh":70,"stat.pickup.minecraft.sand":1,"stat.craftItem.minecraft.furnace":1,"stat.entityKilledBy.Spider":1,"stat.useItem.minecraft.egg":1,"stat.craftItem.minecraft.stone_axe":1,"stat.craftItem.minecraft.stone_pickaxe":1,"stat.craftItem.minecraft.cooked_beef":2,"stat.pickup.minecraft.cobblestone":262,"stat.pickup.minecraft.leather_boots":2,"stat.pickup.dungeontactics.iron_cluster":2,"stat.flyOneCm":1332769,"stat.pickup.minecraft.glass_bottle":2,"stat.mineBlock.minecraft.sand":1,"stat.pickup.minecraft.fish":11,"stat.drop.minecraft.wheat_seeds":6,"stat.drop.tombstone.gift":1,"stat.useItem.minecraft.cooked_beef":7,"stat.mineBlock.minecraft.iron_ore":28,"stat.drop.minecraft.tnt":1,"stat.timeSinceDeath":19594,"stat.drop.minecraft.log":2,"stat.useItem.minecraft.iron_pickaxe":24,"stat.craftItem.minecraft.wooden_pickaxe":2,"stat.pickup.minecraft.double_plant":2,"stat.pickup.travelersbackpack.travelers_backpack":4,"stat.furnaceInteraction":16,"stat.drop.minecraft.dirt":5,"stat.drop.dungeontactics.iron_cluster":2,"stat.mineBlock.minecraft.coal_ore":4,"stat.killEntity.Creeper":1,"stat.talkedToVillager":69,"stat.drop.minecraft.red_flower":3,"stat.pickup.minecraft.string":15,"stat.drop.minecraft.log2":1,"stat.pickup.minecraft.beef":6,"stat.pickup.tombstone.crafting_ingredient":13,"stat.useItem.minecraft.milk_bucket":2,"stat.drop.minecraft.stained_hardened_clay":1,"stat.entityKilledBy.Skeleton":1,"stat.craftItem.minecraft.stone_slab2":0,"stat.sprintOneCm":93710,"stat.craftItem.minecraft.stick":28,"stat.craftItem.minecraft.wooden_axe":3,"stat.pickup.tombstone.magic_scroll":1,"stat.drop.minecraft.potion":1,"stat.pickup.mca.rose_gold_ore":7,"stat.pickup.tombstone.gift":1,"stat.pickup.minecraft.potion":3,"stat.useItem.minecraft.flint_and_steel":4,"stat.mineBlock.minecraft.crafting_table":2,"stat.killEntity.Husk":4,"stat.drop.minecraft.golden_apple":2,"stat.pickup.dungeontactics.fish_lung":3,"stat.pickup.minecraft.lever":2,"stat.deaths":16,"stat.pickup.minecraft.bowl":2,"stat.drop":83,"stat.pickup.minecraft.egg":1,"stat.playOneMinute":714239,"stat.drop.tombstone.grave_key":1,"stat.craftItem.minecraft.iron_pickaxe":1,"stat.killEntity.Zombie":29,"stat.pickup.toughasnails.canteen":1,"stat.useItem.ic2.foam_sprayer":2,"stat.pickup.dungeontactics.fish_lava":1,"stat.mineBlock.minecraft.gold_ore":7,"stat.mineBlock.minecraft.tallgrass":82,"stat.diveOneCm":34743,"stat.chestOpened":17,"stat.useItem.minecraft.stone":3,"stat.drop.minecraft.wooden_pickaxe":1,"stat.pickup.minecraft.gravel":10,"stat.pickup.minecraft.arrow":4,"stat.pickup.minecraft.iron_sword":2,"stat.pickup.minecraft.waterlily":1,"stat.useItem.minecraft.glass_bottle":1,"stat.useItem.dungeontactics.iron_cutlass":104,"stat.useItem.minecraft.apple":5,"stat.pickup.dungeontactics.tin_cluster":1,"stat.drop.minecraft.flint":2,"stat.useItem.minecraft.potion":10,"stat.pickup.travelersbackpack.hose_nozzle":1,"stat.useItem.minecraft.rotten_flesh":2,"stat.jump":2424,"stat.pickup.minecraft.coal":4,"stat.pickup.minecraft.cooked_chicken":2,"stat.fallOneCm":44038,"stat.drop.minecraft.stone":8,"stat.useItem.minecraft.stone_axe":2,"stat.pickup.minecraft.gunpowder":4,"stat.crouchOneCm":15088,"stat.craftItem.minecraft.torch":8,"stat.craftItem.minecraft.iron_ingot":22,"stat.pickup.minecraft.dirt":35,"stat.drop.minecraft.bed":2,"stat.useItem.minecraft.cooked_chicken":1,"stat.craftingTableInteraction":13,"stat.pickup.minecraft.iron_ore":28,"stat.pickup.toughasnails.fruit_juice":1,"stat.pickup.tombstone.fishing_rod_of_misadventure":1,"stat.mineBlock.mca.rose_gold_ore":7,"stat.useItem.minecraft.sapling":2,"stat.pickup.minecraft.gold_ore":7,"stat.pickup.buildcraftcore.fragile_fluid_shard":9,"stat.mineBlock.minecraft.leaves2":3,"tombstone:sneak_grave":1,"stat.mineBlock.minecraft.log2":24,"stat.drop.minecraft.double_plant":2,"stat.damageTaken":4770,"stat.useItem.minecraft.wooden_pickaxe":19,"stat.dispenserInspected":5,"stat.pickup.minecraft.log2":24,"stat.pickup.minecraft.planks":36,"stat.pickup.dungeontactics.bag_book":1,"stat.pickup.minecraft.bed":1,"tombstone:undead_killed":36,"stat.pickup.minecraft.wheat_seeds":18,"stat.entityKilledBy.Zombie":3,"stat.mineBlock.minecraft.gravel":1,"stat.useItem.minecraft.stone_pickaxe":144,"stat.damageDealt":6533,"stat.sleepInBed":7,"stat.killEntity.Cow":2,"stat.mineBlock.minecraft.dirt":14,"stat.craftItem.minecraft.iron_sword":1,"stat.drop.dungeontactics.bag_book":1,"stat.walkOneCm":456081,"stat.useItem.minecraft.torch":2,"stat.useItem.minecraft.bread":3,"stat.playerKills":2,"stat.pickup.minecraft.stick":8,"stat.useItem.buildcraftcore.volume_box":2,"stat.drop.minecraft.rotten_flesh":10,"stat.pickup.minecraft.crafting_table":2,"stat.useItem.minecraft.cobblestone":4,"stat.craftItem.minecraft.crafting_table":2,"stat.mineBlock.minecraft.double_plant":3,"stat.useItem.ic2.chainsaw":3,"stat.pickup.dungeontactics.fish_obsidian":1,"stat.pickup.minecraft.log":22,"stat.pickup.minecraft.iron_pickaxe":2,"stat.useItem.tombstone.gift":1,"stat.drop.ic2.resource":1,"stat.pickup.dungeontactics.fish_swift":2,"stat.pickup.minecraft.stone":78,"stat.drop.minecraft.sapling":4,"stat.entityKilledBy.Piranha":1,"stat.pickup.minecraft.sapling":14,"stat.entityKilledBy.Enderman":1,"stat.useItem.minecraft.redstone_ore":2,"stat.pickup.minecraft.apple":1,"stat.pickup.minecraft.cooked_beef":6,"stat.useItem.dungeontactics.mithril_cutlass":6,"stat.killEntity.Skeleton":2,"stat.craftItem.minecraft.planks":144,"stat.useItem.minecraft.iron_sword":117,"stat.pickup.mca.book_infection":1,"stat.killEntity.Spider":3,"stat.drop.toughasnails.fruit_juice":2,"stat.mobKills":54,"stat.mineBlock.minecraft.log":19,"stat.entityKilledBy.Husk":2,"stat.useItem.minecraft.golden_apple":2,"stat.mineBlock.minecraft.leaves":6,"stat.pickup.dungeontactics.fish_tunnel":1,"stat.pickup.minecraft.red_flower":3,"stat.sneakTime":12641,"stat.drop.mca.book_infection":2,"stat.drop.minecraft.arrow":1,"stat.useItem.buildcraftbuilders.quarry":3,"stat.useItem.minecraft.wooden_axe":35,"stat.mineBlock.minecraft.stone":140}