{"stat.drop.galacticraftcore.standard_wrench":1,"stat.flyOneCm":13245,"stat.drop.galacticraftcore.nose_cone":1,"stat.walkOneCm":22670,"stat.pickup.galacticraftcore.battery":2,"stat.drop":6,"stat.drop.galacticraftcore.sensor_lens":1,"stat.jump":38,"stat.playOneMinute":45746,"stat.useItem.galacticraftcore.bucket_fuel":1,"stat.pickup.galacticraftcore.bucket_fuel":1,"stat.useItem.galacticraftcore.rocket_t1":5,"stat.sneakTime":1812,"stat.pickup.galacticraftcore.rocket_t1":1,"stat.crouchOneCm":2258,"stat.drop.galacticraftcore.rocket_t1":2,"stat.timeSinceDeath":45746,"stat.useItem.minecraft.stone_slab2":67,"stat.drop.galacticraftcore.rocket_fins":1}