{"stat.chestOpened":1,"stat.horseOneCm":10635,"stat.useItem.minecraft.stone":3,"stat.drop.minecraft.wooden_pickaxe":1,"stat.leaveGame":2,"stat.pickup.minecraft.arrow":3,"stat.pickup.minecraft.iron_sword":2,"stat.useItem.minecraft.glass_bottle":1,"stat.pickup.minecraft.stone_pickaxe":1,"stat.pickup.minecraft.flint":3,"stat.useItem.minecraft.apple":5,"stat.drop.minecraft.flint":2,"stat.useItem.minecraft.potion":2,"stat.jump":1360,"stat.swimOneCm":16868,"stat.pickup.minecraft.coal":4,"stat.fallOneCm":30757,"stat.useItem.minecraft.planks":1,"stat.craftItem.minecraft.shield":1,"stat.useItem.minecraft.stone_axe":2,"stat.crouchOneCm":7651,"stat.craftItem.minecraft.torch":8,"stat.craftItem.minecraft.iron_ingot":22,"stat.pickup.minecraft.dirt":13,"stat.useItem.minecraft.dirt":4,"stat.useItem.minecraft.stone_slab2":13,"stat.pickup.minecraft.bow":3,"stat.craftingTableInteraction":12,"stat.pickup.minecraft.iron_ore":28,"stat.pickup.toughasnails.fruit_juice":1,"stat.pickup.minecraft.rotten_flesh":17,"stat.pickup.minecraft.sand":1,"stat.craftItem.minecraft.furnace":1,"stat.mineBlock.mca.rose_gold_ore":7,"stat.useItem.minecraft.sapling":2,"stat.pickup.minecraft.gold_ore":7,"stat.entityKilledBy.Spider":1,"stat.craftItem.minecraft.stone_axe":1,"stat.mineBlock.minecraft.leaves2":3,"stat.mineBlock.minecraft.log2":24,"stat.drop.minecraft.double_plant":2,"stat.damageTaken":3242,"stat.craftItem.minecraft.stone_pickaxe":1,"stat.useItem.minecraft.wooden_pickaxe":19,"stat.craftItem.minecraft.cooked_beef":2,"stat.pickup.minecraft.cobblestone":249,"stat.pickup.minecraft.log2":24,"stat.pickup.minecraft.planks":36,"stat.flyOneCm":208931,"stat.pickup.minecraft.glass_bottle":2,"tombstone:undead_killed":7,"stat.pickup.minecraft.wheat_seeds":14,"stat.mineBlock.minecraft.sand":1,"stat.drop.minecraft.wheat_seeds":3,"stat.entityKilledBy.Zombie":2,"stat.mineBlock.minecraft.gravel":1,"stat.useItem.minecraft.stone_pickaxe":144,"stat.useItem.minecraft.cooked_beef":7,"stat.damageDealt":2989,"stat.mineBlock.minecraft.iron_ore":28,"stat.timeSinceDeath":1068,"stat.killEntity.Cow":2,"stat.drop.minecraft.log":2,"stat.mineBlock.minecraft.dirt":13,"stat.useItem.minecraft.iron_pickaxe":24,"stat.craftItem.minecraft.wooden_pickaxe":2,"stat.craftItem.minecraft.iron_sword":1,"stat.pickup.minecraft.double_plant":2,"stat.walkOneCm":218299,"stat.useItem.minecraft.torch":2,"stat.useItem.minecraft.bread":3,"stat.playerKills":1,"stat.pickup.minecraft.stick":8,"stat.drop.minecraft.rotten_flesh":4,"stat.pickup.minecraft.crafting_table":2,"stat.useItem.minecraft.cobblestone":1,"stat.furnaceInteraction":10,"stat.craftItem.minecraft.crafting_table":2,"stat.mineBlock.minecraft.double_plant":3,"stat.mineBlock.minecraft.coal_ore":4,"stat.talkedToVillager":11,"stat.drop.minecraft.red_flower":3,"stat.pickup.minecraft.log":22,"stat.pickup.minecraft.string":15,"stat.drop.minecraft.log2":1,"stat.pickup.minecraft.beef":6,"stat.pickup.minecraft.iron_pickaxe":2,"stat.useItem.tombstone.gift":1,"stat.pickup.tombstone.crafting_ingredient":13,"stat.entityKilledBy.Skeleton":1,"stat.craftItem.minecraft.stone_slab2":0,"stat.pickup.minecraft.stone":66,"stat.drop.minecraft.sapling":3,"stat.pickup.minecraft.sapling":13,"stat.sprintOneCm":69311,"stat.entityKilledBy.Enderman":1,"stat.pickup.minecraft.apple":1,"stat.pickup.minecraft.cooked_beef":6,"stat.craftItem.minecraft.stick":28,"stat.craftItem.minecraft.wooden_axe":3,"stat.drop.minecraft.potion":1,"stat.pickup.mca.rose_gold_ore":7,"stat.killEntity.Skeleton":1,"stat.craftItem.minecraft.planks":144,"stat.useItem.minecraft.iron_sword":108,"stat.pickup.minecraft.potion":2,"stat.mineBlock.minecraft.crafting_table":2,"stat.killEntity.Spider":3,"stat.drop.toughasnails.fruit_juice":2,"stat.mobKills":13,"stat.mineBlock.minecraft.log":19,"stat.entityKilledBy.Husk":1,"stat.deaths":11,"stat.drop":25,"stat.mineBlock.minecraft.leaves":3,"stat.playOneMinute":158923,"stat.drop.tombstone.grave_key":1,"stat.pickup.minecraft.red_flower":3,"stat.sneakTime":4735,"stat.craftItem.minecraft.iron_pickaxe":1,"stat.killEntity.Zombie":5,"stat.useItem.minecraft.wooden_axe":35,"stat.pickup.toughasnails.canteen":1,"stat.mineBlock.minecraft.stone":140,"stat.mineBlock.minecraft.gold_ore":7,"stat.mineBlock.minecraft.tallgrass":78,"stat.diveOneCm":6051}