{"stat.drop.galacticraftcore.standard_wrench":1,"stat.flyOneCm":12357,"stat.drop.galacticraftcore.nose_cone":1,"stat.walkOneCm":8994,"stat.drop":6,"stat.drop.galacticraftcore.sensor_lens":1,"stat.jump":13,"stat.playOneMinute":21446,"stat.useItem.galacticraftcore.bucket_fuel":1,"stat.pickup.galacticraftcore.bucket_fuel":1,"stat.useItem.galacticraftcore.rocket_t1":4,"stat.sneakTime":315,"stat.pickup.galacticraftcore.rocket_t1":1,"stat.crouchOneCm":445,"stat.drop.galacticraftcore.rocket_t1":2,"stat.timeSinceDeath":21446,"stat.useItem.minecraft.stone_slab2":18,"stat.drop.galacticraftcore.rocket_fins":1}