{"stat.horseOneCm":10635,"stat.leaveGame":7,"stat.pickup.minecraft.stone_pickaxe":1,"stat.pickup.minecraft.flint":3,"stat.pickup.tombstone.familiar_stone":1,"stat.drop.forge.bucketfilled":1,"stat.swimOneCm":23230,"stat.useItem.minecraft.planks":1,"stat.craftItem.minecraft.shield":1,"stat.useItem.minecraft.dirt":4,"stat.useItem.minecraft.stone_slab2":124,"stat.pickup.minecraft.bow":3,"stat.pickup.minecraft.rotten_flesh":38,"stat.pickup.minecraft.sand":1,"stat.craftItem.minecraft.furnace":1,"stat.entityKilledBy.Spider":1,"stat.useItem.minecraft.egg":1,"stat.craftItem.minecraft.stone_axe":1,"stat.craftItem.minecraft.stone_pickaxe":1,"stat.craftItem.minecraft.cooked_beef":2,"stat.pickup.minecraft.cobblestone":249,"stat.flyOneCm":867772,"stat.pickup.minecraft.glass_bottle":2,"stat.mineBlock.minecraft.sand":1,"stat.drop.minecraft.wheat_seeds":4,"stat.useItem.minecraft.cooked_beef":7,"stat.mineBlock.minecraft.iron_ore":28,"stat.drop.minecraft.tnt":1,"stat.timeSinceDeath":11458,"stat.drop.minecraft.log":2,"stat.useItem.minecraft.iron_pickaxe":24,"stat.craftItem.minecraft.wooden_pickaxe":2,"stat.pickup.minecraft.double_plant":2,"stat.furnaceInteraction":10,"stat.drop.minecraft.dirt":5,"stat.mineBlock.minecraft.coal_ore":4,"stat.talkedToVillager":19,"stat.drop.minecraft.red_flower":3,"stat.pickup.minecraft.string":15,"stat.drop.minecraft.log2":1,"stat.pickup.minecraft.beef":6,"stat.pickup.tombstone.crafting_ingredient":13,"stat.entityKilledBy.Skeleton":1,"stat.craftItem.minecraft.stone_slab2":0,"stat.sprintOneCm":91695,"stat.craftItem.minecraft.stick":28,"stat.craftItem.minecraft.wooden_axe":3,"stat.drop.minecraft.potion":1,"stat.pickup.mca.rose_gold_ore":7,"stat.pickup.minecraft.potion":2,"stat.useItem.minecraft.flint_and_steel":4,"stat.mineBlock.minecraft.crafting_table":2,"stat.killEntity.Husk":4,"stat.deaths":13,"stat.drop":41,"stat.pickup.minecraft.egg":1,"stat.playOneMinute":492255,"stat.drop.tombstone.grave_key":1,"stat.craftItem.minecraft.iron_pickaxe":1,"stat.killEntity.Zombie":5,"stat.pickup.toughasnails.canteen":1,"stat.mineBlock.minecraft.gold_ore":7,"stat.mineBlock.minecraft.tallgrass":80,"stat.diveOneCm":8517,"stat.chestOpened":8,"stat.useItem.minecraft.stone":3,"stat.drop.minecraft.wooden_pickaxe":1,"stat.pickup.minecraft.arrow":3,"stat.pickup.minecraft.iron_sword":2,"stat.useItem.minecraft.glass_bottle":1,"stat.useItem.minecraft.apple":5,"stat.drop.minecraft.flint":2,"stat.useItem.minecraft.potion":2,"stat.useItem.minecraft.rotten_flesh":2,"stat.jump":1888,"stat.pickup.minecraft.coal":4,"stat.fallOneCm":39877,"stat.useItem.minecraft.stone_axe":2,"stat.crouchOneCm":9541,"stat.craftItem.minecraft.torch":8,"stat.craftItem.minecraft.iron_ingot":22,"stat.pickup.minecraft.dirt":34,"stat.craftingTableInteraction":12,"stat.pickup.minecraft.iron_ore":28,"stat.pickup.toughasnails.fruit_juice":1,"stat.mineBlock.mca.rose_gold_ore":7,"stat.useItem.minecraft.sapling":2,"stat.pickup.minecraft.gold_ore":7,"stat.mineBlock.minecraft.leaves2":3,"tombstone:sneak_grave":1,"stat.mineBlock.minecraft.log2":24,"stat.drop.minecraft.double_plant":2,"stat.damageTaken":3887,"stat.useItem.minecraft.wooden_pickaxe":19,"stat.pickup.minecraft.log2":24,"stat.pickup.minecraft.planks":36,"tombstone:undead_killed":11,"stat.pickup.minecraft.wheat_seeds":16,"stat.entityKilledBy.Zombie":2,"stat.mineBlock.minecraft.gravel":1,"stat.useItem.minecraft.stone_pickaxe":144,"stat.damageDealt":3679,"stat.killEntity.Cow":2,"stat.mineBlock.minecraft.dirt":13,"stat.craftItem.minecraft.iron_sword":1,"stat.walkOneCm":326640,"stat.useItem.minecraft.torch":2,"stat.useItem.minecraft.bread":3,"stat.playerKills":1,"stat.pickup.minecraft.stick":8,"stat.useItem.buildcraftcore.volume_box":2,"stat.drop.minecraft.rotten_flesh":10,"stat.pickup.minecraft.crafting_table":2,"stat.useItem.minecraft.cobblestone":4,"stat.craftItem.minecraft.crafting_table":2,"stat.mineBlock.minecraft.double_plant":3,"stat.pickup.minecraft.log":22,"stat.pickup.minecraft.iron_pickaxe":2,"stat.useItem.tombstone.gift":1,"stat.drop.ic2.resource":1,"stat.pickup.minecraft.stone":67,"stat.drop.minecraft.sapling":4,"stat.pickup.minecraft.sapling":14,"stat.entityKilledBy.Enderman":1,"stat.pickup.minecraft.apple":1,"stat.pickup.minecraft.cooked_beef":6,"stat.useItem.dungeontactics.mithril_cutlass":3,"stat.killEntity.Skeleton":1,"stat.craftItem.minecraft.planks":144,"stat.useItem.minecraft.iron_sword":117,"stat.killEntity.Spider":3,"stat.drop.toughasnails.fruit_juice":2,"stat.mobKills":19,"stat.mineBlock.minecraft.log":19,"stat.entityKilledBy.Husk":2,"stat.useItem.minecraft.golden_apple":1,"stat.mineBlock.minecraft.leaves":3,"stat.pickup.minecraft.red_flower":3,"stat.sneakTime":7183,"stat.useItem.buildcraftbuilders.quarry":3,"stat.useItem.minecraft.wooden_axe":35,"stat.mineBlock.minecraft.stone":140}