{"stat.chestOpened":2,"stat.leaveGame":1,"stat.pickup.minecraft.gravel":1,"stat.useItem.minecraft.log2":17,"stat.useItem.minecraft.glass_bottle":5,"stat.jump":577,"stat.swimOneCm":2840,"stat.pickup.minecraft.coal":27,"stat.fallOneCm":9018,"stat.useItem.minecraft.planks":26,"stat.useItem.minecraft.stone_axe":33,"stat.crouchOneCm":3464,"stat.craftItem.minecraft.chest":1,"stat.pickup.minecraft.dirt":22,"stat.useItem.minecraft.dirt":6,"stat.useItem.minecraft.stone_slab2":14,"stat.craftingTableInteraction":16,"stat.pickup.minecraft.iron_ore":8,"stat.pickup.minecraft.rotten_flesh":4,"stat.pickup.minecraft.sand":7,"stat.craftItem.minecraft.furnace":2,"stat.entityKilledBy.Spider":1,"stat.craftItem.minecraft.stone_axe":1,"stat.mineBlock.minecraft.log2":52,"stat.damageTaken":1140,"stat.pickup.minecraft.leather":22,"stat.craftItem.minecraft.stone_pickaxe":1,"stat.useItem.minecraft.wooden_pickaxe":9,"stat.craftItem.minecraft.cooked_beef":23,"stat.pickup.minecraft.cobblestone":48,"stat.pickup.minecraft.log2":47,"stat.pickup.minecraft.planks":10,"stat.pickup.minecraft.reeds":6,"stat.useItem.minecraft.stone_shovel":22,"stat.flyOneCm":92464,"stat.craftItem.minecraft.glass_bottle":3,"tombstone:undead_killed":5,"stat.pickup.minecraft.wheat_seeds":3,"stat.mineBlock.minecraft.sand":8,"stat.entityKilledBy.Zombie":1,"stat.useItem.minecraft.stone_pickaxe":78,"stat.useItem.minecraft.cooked_beef":23,"stat.damageDealt":3046,"stat.craftItem.minecraft.glass":3,"stat.mineBlock.minecraft.iron_ore":10,"stat.timeSinceDeath":11784,"stat.killEntity.Cow":19,"stat.mineBlock.minecraft.dirt":22,"stat.craftItem.minecraft.wooden_pickaxe":1,"stat.craftItem.minecraft.stone_shovel":1,"stat.walkOneCm":111727,"stat.pickup.minecraft.stick":4,"stat.pickup.minecraft.crafting_table":3,"stat.craftItem.minecraft.crafting_table":2,"stat.furnaceInteraction":38,"stat.mineBlock.minecraft.double_plant":2,"stat.mineBlock.minecraft.coal_ore":27,"stat.pickup.minecraft.beef":40,"stat.useItem.tombstone.gift":1,"stat.pickup.tombstone.crafting_ingredient":2,"stat.craftItem.minecraft.stone_slab2":0,"stat.pickup.minecraft.stone":7,"stat.pickup.minecraft.sapling":9,"stat.sprintOneCm":12789,"stat.craftItem.minecraft.stick":16,"stat.craftItem.minecraft.wooden_axe":3,"stat.pickup.tombstone.magic_scroll":1,"stat.useItem.tombstone.magic_scroll":2,"stat.craftItem.minecraft.planks":112,"stat.mineBlock.minecraft.crafting_table":3,"stat.mobKills":24,"stat.useItem.minecraft.beef":9,"stat.deaths":3,"stat.mineBlock.minecraft.planks":10,"stat.playOneMinute":50398,"stat.sneakTime":2852,"stat.killEntity.Zombie":4,"stat.useItem.minecraft.wooden_axe":62,"stat.mineBlock.minecraft.stone":50,"stat.mineBlock.minecraft.tallgrass":43,"stat.diveOneCm":3197}