{"stat.drop.minecraft.stone_pickaxe":1,"stat.chestOpened":3,"stat.pickup.minecraft.bone":2,"stat.useItem.minecraft.stone":1,"stat.leaveGame":1,"stat.pickup.minecraft.arrow":6,"stat.pickup.minecraft.iron_sword":4,"stat.drop.minecraft.cooked_beef":6,"stat.useItem.minecraft.glass_bottle":43,"stat.useItem.minecraft.apple":1,"stat.useItem.minecraft.potion":39,"stat.useItem.minecraft.mutton":6,"stat.swimOneCm":10852,"stat.jump":933,"stat.fallOneCm":18690,"stat.useItem.minecraft.planks":45,"stat.pickup.minecraft.iron_ingot":5,"stat.craftItem.minecraft.shield":1,"stat.useItem.minecraft.stone_axe":69,"stat.crouchOneCm":3099,"stat.pickup.minecraft.spider_eye":1,"stat.craftItem.minecraft.iron_ingot":4,"stat.craftItem.minecraft.chest":1,"stat.pickup.minecraft.dirt":21,"stat.useItem.minecraft.dirt":15,"stat.useItem.minecraft.stone_slab2":16,"stat.pickup.minecraft.bow":4,"stat.useItem.minecraft.cooked_chicken":1,"stat.useItem.minecraft.water_bucket":4,"stat.craftingTableInteraction":20,"stat.pickup.minecraft.iron_ore":14,"stat.pickup.toughasnails.fruit_juice":1,"stat.pickup.minecraft.rotten_flesh":37,"stat.pickup.minecraft.sand":3,"stat.craftItem.minecraft.furnace":2,"stat.craftItem.minecraft.stone_axe":2,"stat.mineBlock.minecraft.log2":51,"stat.damageTaken":1459,"stat.pickup.minecraft.leather":28,"stat.craftItem.minecraft.stone_pickaxe":2,"stat.mineBlock.minecraft.furnace":8,"stat.useItem.minecraft.wooden_pickaxe":20,"stat.craftItem.minecraft.cooked_beef":23,"stat.useItem.minecraft.furnace":4,"stat.pickup.minecraft.cobblestone":291,"stat.pickup.minecraft.log2":50,"stat.pickup.minecraft.planks":152,"stat.useItem.minecraft.stone_shovel":18,"stat.flyOneCm":144548,"stat.craftItem.minecraft.glass_bottle":3,"stat.pickup.minecraft.glass_bottle":4,"tombstone:undead_killed":13,"stat.pickup.minecraft.wheat_seeds":17,"stat.mineBlock.minecraft.sand":3,"stat.drop.minecraft.wheat_seeds":9,"stat.useItem.minecraft.stone_pickaxe":48,"stat.useItem.minecraft.cooked_beef":22,"stat.damageDealt":7049,"stat.craftItem.minecraft.glass":3,"stat.mineBlock.minecraft.iron_ore":9,"stat.timeSinceDeath":0,"stat.killEntity.Cow":25,"stat.mineBlock.minecraft.dirt":23,"stat.useItem.minecraft.iron_pickaxe":2,"stat.craftItem.minecraft.wooden_pickaxe":1,"stat.craftItem.minecraft.iron_sword":1,"stat.pickup.minecraft.mutton":13,"stat.craftItem.minecraft.stone_shovel":1,"stat.walkOneCm":137710,"stat.pickup.minecraft.stick":16,"stat.drop.minecraft.rotten_flesh":3,"stat.pickup.minecraft.crafting_table":2,"stat.useItem.minecraft.cobblestone":16,"stat.craftItem.minecraft.crafting_table":3,"stat.furnaceInteraction":47,"stat.mineBlock.minecraft.double_plant":1,"stat.killEntity.Creeper":2,"stat.talkedToVillager":2,"stat.pickup.minecraft.log":8,"stat.pickup.minecraft.string":22,"stat.pickup.minecraft.beef":67,"stat.pickup.minecraft.iron_pickaxe":4,"stat.pickup.minecraft.furnace":8,"stat.useItem.minecraft.cooked_mutton":7,"stat.pickup.tombstone.crafting_ingredient":18,"stat.craftItem.minecraft.stone_slab2":0,"stat.pickup.minecraft.stone":56,"stat.pickup.minecraft.chicken":1,"stat.pickup.minecraft.sapling":29,"stat.sprintOneCm":84507,"stat.pickup.minecraft.apple":1,"stat.pickup.minecraft.cooked_beef":5,"stat.pickup.tombstone.magic_scroll":2,"stat.craftItem.minecraft.wooden_axe":1,"stat.craftItem.minecraft.stick":20,"stat.drop.minecraft.potion":1,"stat.killEntity.Skeleton":5,"stat.killEntity.Horse":3,"stat.craftItem.minecraft.bucket":1,"stat.craftItem.minecraft.planks":232,"stat.useItem.minecraft.iron_sword":64,"stat.pickup.minecraft.potion":1,"stat.killEntity.Chicken":1,"stat.mineBlock.minecraft.crafting_table":2,"stat.killEntity.Spider":2,"stat.mobKills":52,"stat.mineBlock.minecraft.log":9,"stat.useItem.minecraft.beef":20,"stat.craftItem.minecraft.cooked_chicken":1,"stat.mineBlock.minecraft.planks":1,"stat.deaths":1,"stat.drop":15,"stat.mineBlock.minecraft.leaves":1,"stat.playOneMinute":44168,"stat.killEntity.Sheep":7,"stat.sneakTime":1441,"stat.craftItem.minecraft.iron_pickaxe":1,"stat.pickup.minecraft.wool":7,"stat.drop.minecraft.beef":2,"stat.killEntity.Zombie":7,"stat.useItem.minecraft.wooden_axe":5,"stat.mineBlock.minecraft.stone":47,"stat.mineBlock.minecraft.tallgrass":30,"stat.craftItem.minecraft.cooked_mutton":7,"stat.diveOneCm":6040}