{"stat.walkOneCm":77749,"stat.horseOneCm":2618,"stat.drop.tombstone.crafting_ingredient":1,"stat.pickup.minecraft.wooden_axe":2,"stat.pickup.minecraft.crafting_table":2,"stat.craftItem.minecraft.crafting_table":1,"stat.pickup.minecraft.stone_axe":1,"stat.furnaceInteraction":8,"stat.mineBlock.minecraft.double_plant":5,"stat.pickup.minecraft.wooden_sword":1,"stat.pickup.minecraft.log":11,"stat.pickup.minecraft.string":1,"stat.jump":509,"stat.swimOneCm":4761,"stat.fallOneCm":9364,"stat.pickup.minecraft.beef":8,"stat.useItem.tombstone.gift":1,"stat.pickup.tombstone.crafting_ingredient":1,"stat.useItem.minecraft.stone_axe":47,"stat.craftItem.minecraft.stone_slab2":0,"stat.pickup.minecraft.stone":12,"stat.craftItem.minecraft.iron_chestplate":1,"stat.crouchOneCm":14311,"stat.pickup.minecraft.chicken":1,"stat.craftItem.minecraft.iron_ingot":9,"stat.pickup.minecraft.sapling":8,"stat.pickup.minecraft.dirt":39,"stat.sprintOneCm":65099,"stat.useItem.minecraft.stone_slab2":3,"stat.craftItem.minecraft.stick":12,"stat.craftItem.minecraft.wooden_axe":2,"stat.craftingTableInteraction":15,"stat.killEntity.Skeleton":1,"stat.craftItem.minecraft.planks":52,"stat.killEntity.Chicken":1,"stat.craftItem.minecraft.stone_axe":1,"stat.mineBlock.minecraft.leaves2":2,"stat.mineBlock.minecraft.log2":38,"stat.pickup.minecraft.wooden_pickaxe":1,"stat.pickup.minecraft.leather":3,"stat.mineBlock.minecraft.crafting_table":1,"stat.damageTaken":624,"stat.killEntity.Spider":1,"stat.useItem.minecraft.wooden_pickaxe":12,"stat.craftItem.minecraft.cooked_beef":7,"stat.pickup.minecraft.cobblestone":9,"stat.mobKills":7,"stat.craftItem.minecraft.wooden_sword":1,"stat.pickup.minecraft.log2":38,"stat.mineBlock.minecraft.log":11,"stat.pickup.ic2.filled_tin_can":19,"stat.useItem.minecraft.beef":1,"stat.pickup.minecraft.planks":31,"stat.flyOneCm":91117,"stat.deaths":1,"tombstone:undead_killed":1,"stat.pickup.minecraft.wheat_seeds":13,"stat.drop":3,"stat.playOneMinute":20367,"stat.drop.minecraft.wheat_seeds":2,"stat.useItem.minecraft.wooden_sword":24,"stat.pickup.minecraft.torch":29,"stat.sneakTime":2914,"stat.damageDealt":1277,"stat.timeSinceDeath":11253,"stat.useItem.minecraft.wooden_axe":15,"stat.killEntity.Cow":5,"stat.pickup.minecraft.yellow_flower":1,"stat.mineBlock.minecraft.dirt":21,"stat.craftItem.minecraft.wooden_pickaxe":1,"stat.mineBlock.minecraft.stone":12,"stat.mineBlock.minecraft.tallgrass":55,"stat.diveOneCm":7099}