{"stat.walkOneCm":23038,"stat.horseOneCm":2618,"stat.craftItem.minecraft.planks":52,"stat.craftItem.minecraft.stone_axe":1,"stat.mineBlock.minecraft.leaves2":1,"stat.mineBlock.minecraft.log2":13,"stat.pickup.minecraft.crafting_table":1,"stat.pickup.minecraft.leather":1,"stat.mineBlock.minecraft.crafting_table":1,"stat.craftItem.minecraft.crafting_table":1,"stat.mineBlock.minecraft.double_plant":4,"stat.useItem.minecraft.wooden_pickaxe":12,"stat.pickup.minecraft.cobblestone":6,"stat.mobKills":1,"stat.craftItem.minecraft.wooden_sword":1,"stat.pickup.minecraft.log2":13,"stat.useItem.minecraft.beef":1,"stat.flyOneCm":26358,"stat.pickup.minecraft.wheat_seeds":4,"stat.drop":2,"stat.jump":167,"stat.swimOneCm":1046,"stat.playOneMinute":7767,"stat.fallOneCm":3311,"stat.drop.minecraft.wheat_seeds":2,"stat.useItem.minecraft.wooden_sword":4,"stat.pickup.minecraft.beef":1,"stat.sneakTime":1748,"stat.useItem.minecraft.stone_axe":1,"stat.damageDealt":17,"stat.pickup.minecraft.stone":6,"stat.crouchOneCm":7667,"stat.timeSinceDeath":7767,"stat.useItem.minecraft.wooden_axe":15,"stat.pickup.minecraft.dirt":18,"stat.killEntity.Cow":1,"stat.sprintOneCm":17025,"stat.mineBlock.minecraft.dirt":18,"stat.useItem.minecraft.stone_slab2":1,"stat.craftItem.minecraft.wooden_pickaxe":1,"stat.mineBlock.minecraft.stone":12,"stat.mineBlock.minecraft.tallgrass":19,"stat.diveOneCm":1810,"stat.craftItem.minecraft.stick":12,"stat.craftItem.minecraft.wooden_axe":2,"stat.craftingTableInteraction":10}