{"stat.cakeSlicesEaten":3,"stat.pickup.minecraft.bone":14,"stat.craftItem.minecraft.acacia_boat":1,"stat.pickup.dungeontactics.bag_magic":1,"stat.horseOneCm":2618,"stat.mineBlock.minecraft.cobblestone":26,"stat.pickup.minecraft.stone_pickaxe":1,"stat.pickup.minecraft.flint":1,"stat.pickup.tombstone.familiar_stone":1,"stat.craftItem.minecraft.wool":2,"stat.swimOneCm":42633,"stat.useItem.minecraft.planks":17,"stat.climbOneCm":2769,"stat.pickup.minecraft.enchanted_book":1,"stat.pickup.minecraft.glass":6,"stat.useItem.minecraft.dirt":11,"stat.useItem.minecraft.stone_slab2":29,"stat.killEntity.Piranha":2,"stat.drop.travelersbackpack.travelers_backpack":1,"stat.mineBlock.minecraft.stone_brick_stairs":1,"stat.pickup.minecraft.rotten_flesh":33,"stat.pickup.minecraft.sand":27,"stat.craftItem.minecraft.furnace":1,"stat.useItem.minecraft.egg":7,"stat.craftItem.minecraft.stone_axe":1,"stat.craftItem.minecraft.iron_boots":1,"stat.useItem.dungeontactics.iron_knife":74,"stat.craftItem.minecraft.cooked_beef":7,"stat.pickup.minecraft.cobblestone":259,"stat.pickup.minecraft.leather_boots":1,"stat.pickup.dungeontactics.iron_cluster":2,"stat.flyOneCm":483554,"stat.craftItem.minecraft.iron_shovel":1,"stat.pickup.minecraft.glass_bottle":2,"stat.mineBlock.minecraft.sand":27,"stat.drop.minecraft.wheat_seeds":2,"stat.craftItem.toughasnails.charcoal_filter":6,"stat.useItem.minecraft.cooked_beef":5,"stat.pickup.dungeontactics.gold_cluster":8,"stat.pickup.minecraft.redstone":8,"stat.mineBlock.minecraft.iron_ore":2,"stat.timeSinceDeath":71345,"stat.hopperInspected":1,"stat.useItem.minecraft.iron_pickaxe":251,"stat.pickup.minecraft.stained_hardened_clay":38,"stat.craftItem.minecraft.wooden_pickaxe":1,"stat.pickup.minecraft.mutton":2,"stat.useItem.minecraft.iron_shovel":46,"stat.killEntity.Bat":1,"stat.pickup.travelersbackpack.travelers_backpack":4,"stat.pickup.minecraft.wooden_axe":2,"stat.pickup.minecraft.chainmail_helmet":1,"stat.pickup.minecraft.stonebrick":3,"stat.furnaceInteraction":36,"stat.killEntity.ZombieVillager":1,"stat.mineBlock.minecraft.coal_ore":18,"stat.pickup.minecraft.wooden_sword":1,"stat.pickup.minecraft.string":7,"stat.pickup.minecraft.beef":8,"stat.pickup.tombstone.crafting_ingredient":7,"stat.craftItem.minecraft.stone_slab2":0,"stat.mineBlock.dungeontactics.radio":2,"stat.craftItem.travelersbackpack.travelers_backpack":1,"stat.killEntity.Squid":2,"stat.mineBlock.minecraft.stained_hardened_clay":39,"stat.sprintOneCm":222978,"stat.pickup.minecraft.paper":14,"stat.craftItem.minecraft.stick":20,"stat.craftItem.minecraft.wooden_axe":2,"stat.pickup.tombstone.magic_scroll":1,"stat.pickup.mca.rose_gold_ore":5,"stat.pickup.tombstone.gift":1,"stat.craftItem.toughasnails.canteen":7,"stat.pickup.minecraft.fireworks":34,"stat.mineBlock.minecraft.crafting_table":2,"stat.killEntity.Husk":1,"stat.craftItem.dungeontactics.iron_knife":1,"stat.pickup.ic2.filled_tin_can":19,"stat.useItem.minecraft.beef":1,"stat.useItem.dungeontactics.master_cestus_roar":159,"stat.mineBlock.minecraft.planks":7,"stat.deaths":2,"stat.drop":17,"stat.pickup.minecraft.egg":30,"stat.playOneMinute":159867,"stat.useItem.minecraft.wooden_sword":30,"stat.killEntity.Sheep":2,"stat.craftItem.minecraft.iron_pickaxe":1,"stat.drop.dungeontactics.magic_pouch":1,"stat.killEntity.Zombie":24,"stat.craftItem.minecraft.dye":7,"stat.pickup.minecraft.iron_bars":12,"stat.drop.minecraft.glass_bottle":3,"stat.mineBlock.minecraft.gold_ore":12,"stat.mineBlock.minecraft.tallgrass":191,"stat.diveOneCm":77753,"stat.chestOpened":62,"stat.pickup.dungeontactics.magic_pouch":1,"stat.useItem.minecraft.stone":6,"stat.pickup.minecraft.gravel":48,"stat.pickup.minecraft.arrow":15,"stat.pickup.minecraft.stone_axe":1,"stat.pickup.dungeontactics.tin_cluster":17,"stat.useItem.minecraft.potion":3,"stat.craftItem.minecraft.coal":11,"stat.pickup.dungeontactics.bag_record":1,"stat.useItem.minecraft.rotten_flesh":1,"stat.craftItem.travelersbackpack.backpack_tank":2,"stat.jump":3348,"stat.pickup.minecraft.coal":32,"stat.pickup.minecraft.cooked_chicken":18,"stat.fallOneCm":74446,"stat.pickup.minecraft.carrot":1,"stat.useItem.minecraft.stone_axe":71,"stat.crouchOneCm":64607,"stat.mineBlock.minecraft.chest":1,"stat.craftItem.minecraft.iron_ingot":64,"stat.craftItem.minecraft.chest":3,"stat.craftItem.minecraft.iron_helmet":1,"stat.pickup.minecraft.dirt":59,"stat.useItem.minecraft.cooked_chicken":14,"stat.craftingTableInteraction":63,"stat.useItem.minecraft.glass":4,"stat.dropperInspected":2,"stat.mineBlock.mca.rose_gold_ore":5,"stat.boatOneCm":142639,"stat.mineBlock.minecraft.iron_bars":12,"stat.mineBlock.ic2.resource":18,"stat.pickup.minecraft.repeater":2,"stat.mineBlock.minecraft.leaves2":2,"stat.mineBlock.minecraft.log2":38,"stat.pickup.minecraft.wooden_pickaxe":1,"stat.pickup.minecraft.feather":28,"stat.pickup.minecraft.leather":12,"stat.damageTaken":2623,"stat.pickup.dungeontactics.radio":2,"stat.mineBlock.minecraft.torch":1,"stat.mineBlock.minecraft.red_flower":8,"stat.useItem.minecraft.wooden_pickaxe":15,"stat.dispenserInspected":6,"stat.craftItem.minecraft.wooden_sword":1,"stat.pickup.minecraft.log2":38,"stat.pickup.minecraft.dye":5,"stat.pickup.minecraft.planks":37,"stat.pickup.minecraft.reeds":28,"stat.killEntity.Llama":1,"stat.useItem.dungeontactics.claws":1,"stat.pickup.minecraft.bed":1,"tombstone:undead_killed":37,"stat.pickup.minecraft.wheat_seeds":31,"stat.mineBlock.minecraft.gravel":14,"stat.mineBlock.minecraft.glass":1,"stat.craftItem.minecraft.iron_leggings":1,"stat.damageDealt":12117,"stat.craftItem.minecraft.glass":19,"stat.drop.minecraft.cooked_chicken":8,"stat.sleepInBed":2,"stat.killEntity.Cow":5,"stat.mineBlock.minecraft.dirt":42,"stat.craftItem.minecraft.leather":1,"stat.useItem.minecraft.iron_bars":2,"stat.walkOneCm":600007,"stat.useItem.minecraft.torch":28,"stat.useItem.minecraft.bread":2,"stat.pickup.minecraft.golden_apple":8,"stat.playerKills":3,"stat.drop.tombstone.crafting_ingredient":1,"stat.pickup.minecraft.crafting_table":3,"stat.drop.minecraft.tallgrass":1,"stat.useItem.minecraft.cobblestone":76,"stat.craftItem.minecraft.crafting_table":3,"stat.useItem.minecraft.gravel":8,"stat.mineBlock.minecraft.double_plant":6,"stat.pickup.minecraft.log":16,"stat.useItem.minecraft.cooked_fish":1,"stat.useItem.tombstone.gift":2,"stat.pickup.minecraft.tallgrass":2,"stat.pickup.minecraft.stone":68,"stat.craftItem.minecraft.iron_chestplate":1,"stat.pickup.minecraft.chicken":13,"stat.pickup.minecraft.sapling":13,"stat.useItem.minecraft.fireworks":13,"stat.pickup.minecraft.gold_ingot":8,"stat.killEntity.Skeleton":11,"stat.craftItem.travelersbackpack.sleeping_bag_bottom":1,"stat.mineBlock.minecraft.stonebrick":5,"stat.craftItem.minecraft.planks":172,"stat.useItem.minecraft.iron_sword":40,"stat.killEntity.Chicken":31,"stat.pickup.mca.book_infection":1,"stat.useItem.minecraft.acacia_boat":1,"stat.killEntity.Spider":5,"stat.mobKills":94,"stat.useItem.minecraft.stonebrick":2,"stat.mineBlock.minecraft.log":16,"stat.craftItem.minecraft.cooked_chicken":4,"stat.useItem.minecraft.golden_apple":9,"stat.craftItem.minecraft.paper":18,"stat.pickup.minecraft.torch":29,"stat.pickup.minecraft.red_flower":9,"stat.sneakTime":14265,"stat.pickup.minecraft.wool":4,"stat.useItem.minecraft.baked_potato":1,"stat.pickup.minecraft.cooked_fish":6,"stat.useItem.minecraft.wooden_axe":21,"stat.pickup.minecraft.yellow_flower":2,"stat.mineBlock.minecraft.stone":118}