{"stat.chestOpened":9,"stat.craftItem.minecraft.acacia_boat":1,"stat.horseOneCm":2618,"stat.pickup.minecraft.gravel":16,"stat.pickup.minecraft.stone_axe":1,"stat.craftItem.minecraft.coal":11,"stat.craftItem.travelersbackpack.backpack_tank":2,"stat.jump":1245,"stat.swimOneCm":15892,"stat.pickup.minecraft.coal":14,"stat.fallOneCm":27398,"stat.useItem.minecraft.planks":6,"stat.climbOneCm":2769,"stat.useItem.minecraft.stone_axe":71,"stat.crouchOneCm":19472,"stat.craftItem.minecraft.iron_ingot":64,"stat.craftItem.minecraft.chest":1,"stat.pickup.minecraft.dirt":47,"stat.useItem.minecraft.stone_slab2":10,"stat.killEntity.Piranha":1,"stat.craftingTableInteraction":40,"stat.pickup.minecraft.rotten_flesh":2,"stat.pickup.minecraft.sand":27,"stat.useItem.minecraft.glass":2,"stat.craftItem.minecraft.furnace":1,"stat.boatOneCm":56051,"stat.useItem.minecraft.egg":7,"stat.craftItem.minecraft.stone_axe":1,"stat.mineBlock.minecraft.leaves2":2,"stat.mineBlock.minecraft.log2":38,"stat.pickup.minecraft.wooden_pickaxe":1,"stat.damageTaken":686,"stat.pickup.minecraft.leather":12,"stat.pickup.minecraft.feather":5,"stat.mineBlock.minecraft.torch":1,"stat.useItem.minecraft.wooden_pickaxe":15,"stat.craftItem.minecraft.cooked_beef":7,"stat.dispenserInspected":1,"stat.pickup.minecraft.cobblestone":155,"stat.craftItem.minecraft.wooden_sword":1,"stat.pickup.minecraft.log2":38,"stat.pickup.minecraft.planks":36,"stat.pickup.minecraft.reeds":20,"stat.useItem.dungeontactics.claws":1,"stat.flyOneCm":192395,"stat.craftItem.minecraft.iron_shovel":1,"tombstone:undead_killed":2,"stat.pickup.minecraft.wheat_seeds":17,"stat.mineBlock.minecraft.sand":27,"stat.drop.minecraft.wheat_seeds":2,"stat.craftItem.toughasnails.charcoal_filter":3,"stat.useItem.minecraft.cooked_beef":2,"stat.mineBlock.minecraft.glass":1,"stat.damageDealt":1807,"stat.craftItem.minecraft.glass":19,"stat.pickup.minecraft.redstone":8,"stat.timeSinceDeath":49053,"stat.killEntity.Cow":5,"stat.mineBlock.minecraft.dirt":25,"stat.craftItem.minecraft.wooden_pickaxe":1,"stat.useItem.minecraft.iron_shovel":18,"stat.craftItem.minecraft.leather":1,"stat.walkOneCm":171048,"stat.drop.tombstone.crafting_ingredient":1,"stat.pickup.minecraft.wooden_axe":2,"stat.pickup.minecraft.crafting_table":3,"stat.craftItem.minecraft.crafting_table":3,"stat.furnaceInteraction":28,"stat.useItem.minecraft.gravel":7,"stat.mineBlock.minecraft.double_plant":5,"stat.pickup.minecraft.wooden_sword":1,"stat.pickup.minecraft.log":16,"stat.pickup.minecraft.string":3,"stat.pickup.minecraft.beef":8,"stat.useItem.tombstone.gift":1,"stat.pickup.tombstone.crafting_ingredient":1,"stat.craftItem.minecraft.stone_slab2":0,"stat.pickup.minecraft.stone":45,"stat.craftItem.minecraft.iron_chestplate":1,"stat.pickup.minecraft.chicken":4,"stat.pickup.minecraft.sapling":13,"stat.sprintOneCm":96248,"stat.craftItem.minecraft.stick":16,"stat.craftItem.minecraft.wooden_axe":2,"stat.killEntity.Skeleton":1,"stat.craftItem.minecraft.planks":152,"stat.craftItem.toughasnails.canteen":2,"stat.killEntity.Chicken":4,"stat.useItem.minecraft.acacia_boat":1,"stat.killEntity.Spider":1,"stat.mineBlock.minecraft.crafting_table":2,"stat.mobKills":12,"stat.mineBlock.minecraft.log":16,"stat.pickup.ic2.filled_tin_can":19,"stat.useItem.minecraft.beef":1,"stat.mineBlock.minecraft.planks":5,"stat.deaths":1,"stat.drop":3,"stat.pickup.minecraft.egg":23,"stat.craftItem.minecraft.paper":18,"stat.playOneMinute":58167,"stat.useItem.minecraft.wooden_sword":30,"stat.pickup.minecraft.torch":29,"stat.pickup.minecraft.red_flower":2,"stat.sneakTime":4047,"stat.killEntity.Zombie":1,"stat.useItem.minecraft.wooden_axe":21,"stat.pickup.minecraft.yellow_flower":2,"stat.mineBlock.minecraft.stone":12,"stat.mineBlock.minecraft.tallgrass":84,"stat.diveOneCm":24827}