{"stat.cakeSlicesEaten":3,"stat.pickup.minecraft.bone":18,"stat.craftItem.minecraft.acacia_boat":1,"stat.pickup.dungeontactics.bag_magic":1,"stat.horseOneCm":2618,"stat.mineBlock.minecraft.cobblestone":29,"stat.pickup.minecraft.stone_pickaxe":2,"stat.pickup.minecraft.flint":1,"stat.pickup.minecraft.leather_chestplate":1,"stat.pickup.tombstone.familiar_stone":2,"stat.craftItem.minecraft.wool":2,"stat.swimOneCm":58255,"stat.useItem.minecraft.planks":17,"stat.climbOneCm":2769,"stat.pickup.minecraft.enchanted_book":3,"stat.pickup.minecraft.glass":6,"stat.useItem.minecraft.dirt":12,"stat.useItem.minecraft.stone_slab2":36,"stat.killEntity.Piranha":4,"stat.pickup.minecraft.iron_boots":1,"stat.drop.travelersbackpack.travelers_backpack":1,"stat.mineBlock.minecraft.stone_brick_stairs":1,"stat.pickup.minecraft.rotten_flesh":166,"stat.pickup.minecraft.sand":29,"stat.craftItem.minecraft.furnace":1,"stat.useItem.minecraft.egg":14,"stat.craftItem.minecraft.stone_axe":1,"stat.craftItem.minecraft.iron_boots":1,"stat.useItem.dungeontactics.iron_knife":74,"stat.craftItem.minecraft.cooked_beef":7,"stat.pickup.minecraft.cobblestone":363,"stat.pickup.minecraft.leather_boots":4,"stat.pickup.dungeontactics.iron_cluster":4,"stat.flyOneCm":629338,"stat.craftItem.minecraft.iron_shovel":1,"stat.pickup.minecraft.glass_bottle":2,"stat.mineBlock.minecraft.sand":27,"stat.pickup.minecraft.fish":9,"stat.drop.minecraft.wheat_seeds":2,"stat.drop.minecraft.sand":1,"stat.craftItem.toughasnails.charcoal_filter":6,"stat.useItem.minecraft.cooked_beef":6,"stat.pickup.dungeontactics.gold_cluster":8,"stat.pickup.minecraft.redstone":8,"stat.mineBlock.minecraft.iron_ore":2,"stat.timeSinceDeath":11021,"stat.hopperInspected":1,"stat.useItem.minecraft.iron_pickaxe":251,"stat.pickup.minecraft.stained_hardened_clay":76,"stat.craftItem.minecraft.wooden_pickaxe":1,"stat.pickup.minecraft.mutton":2,"stat.useItem.minecraft.iron_shovel":46,"stat.killEntity.Bat":1,"stat.pickup.travelersbackpack.travelers_backpack":5,"stat.pickup.minecraft.wooden_axe":2,"stat.pickup.minecraft.chainmail_helmet":2,"stat.pickup.minecraft.stonebrick":3,"stat.furnaceInteraction":36,"stat.killEntity.ZombieVillager":1,"stat.mineBlock.minecraft.coal_ore":18,"stat.pickup.minecraft.shield":1,"stat.talkedToVillager":57,"stat.pickup.minecraft.wooden_sword":2,"stat.pickup.minecraft.string":11,"stat.pickup.minecraft.beef":8,"stat.pickup.tombstone.crafting_ingredient":18,"stat.craftItem.minecraft.stone_slab2":0,"stat.mineBlock.dungeontactics.radio":3,"stat.craftItem.travelersbackpack.travelers_backpack":1,"stat.pickup.tombstone.lost_tablet":2,"stat.killEntity.Squid":2,"stat.mineBlock.minecraft.stained_hardened_clay":39,"stat.sprintOneCm":250961,"stat.pickup.minecraft.paper":14,"stat.pickup.minecraft.iron_chestplate":1,"stat.craftItem.minecraft.stick":20,"stat.craftItem.minecraft.wooden_axe":2,"stat.pickup.tombstone.magic_scroll":1,"stat.pickup.mca.rose_gold_ore":10,"stat.pickup.tombstone.gift":2,"stat.pickup.minecraft.potion":1,"stat.craftItem.toughasnails.canteen":7,"stat.pickup.minecraft.fireworks":79,"stat.mineBlock.minecraft.crafting_table":2,"stat.pickup.ic2.misc_resource":3,"stat.killEntity.Husk":31,"stat.craftItem.dungeontactics.iron_knife":1,"stat.pickup.ic2.filled_tin_can":19,"stat.useItem.minecraft.beef":1,"stat.useItem.dungeontactics.master_cestus_roar":325,"stat.mineBlock.minecraft.planks":7,"stat.deaths":5,"stat.pickup.minecraft.bowl":2,"stat.drop":27,"stat.pickup.minecraft.egg":37,"stat.playOneMinute":198567,"stat.useItem.minecraft.wooden_sword":35,"stat.killEntity.Sheep":2,"stat.craftItem.minecraft.iron_pickaxe":1,"stat.drop.dungeontactics.magic_pouch":1,"stat.killEntity.Zombie":26,"stat.craftItem.minecraft.dye":7,"stat.pickup.minecraft.iron_bars":22,"stat.drop.minecraft.glass_bottle":3,"stat.pickup.toughasnails.canteen":1,"stat.mineBlock.minecraft.gold_ore":12,"stat.mineBlock.minecraft.tallgrass":229,"stat.diveOneCm":102664,"stat.chestOpened":68,"stat.pickup.dungeontactics.magic_pouch":1,"stat.useItem.minecraft.stone":6,"stat.pickup.minecraft.gravel":48,"stat.pickup.minecraft.arrow":27,"stat.pickup.minecraft.iron_sword":1,"stat.pickup.minecraft.waterlily":1,"stat.pickup.minecraft.stone_axe":2,"stat.pickup.dungeontactics.tin_cluster":17,"stat.useItem.minecraft.potion":3,"stat.craftItem.minecraft.coal":11,"stat.pickup.dungeontactics.bag_record":1,"stat.useItem.minecraft.rotten_flesh":15,"stat.craftItem.travelersbackpack.backpack_tank":2,"stat.jump":4108,"stat.pickup.minecraft.coal":59,"stat.pickup.minecraft.cooked_chicken":18,"stat.pickup.minecraft.iron_helmet":1,"stat.fallOneCm":93908,"stat.pickup.minecraft.iron_ingot":30,"stat.pickup.minecraft.carrot":1,"stat.useItem.minecraft.stone_axe":71,"stat.crouchOneCm":66725,"stat.mineBlock.minecraft.chest":1,"stat.craftItem.minecraft.iron_ingot":64,"stat.craftItem.minecraft.chest":3,"stat.craftItem.minecraft.iron_helmet":1,"stat.pickup.minecraft.dirt":61,"stat.useItem.minecraft.cooked_chicken":14,"stat.craftingTableInteraction":64,"stat.useItem.minecraft.glass":4,"stat.dropperInspected":2,"stat.mineBlock.mca.rose_gold_ore":5,"stat.boatOneCm":212171,"stat.mineBlock.minecraft.iron_bars":12,"stat.mineBlock.ic2.resource":18,"stat.pickup.minecraft.repeater":2,"stat.mineBlock.minecraft.leaves2":2,"stat.mineBlock.minecraft.log2":38,"stat.pickup.minecraft.wooden_pickaxe":2,"stat.pickup.minecraft.feather":28,"stat.pickup.minecraft.leather":12,"stat.damageTaken":4257,"stat.pickup.dungeontactics.radio":3,"stat.mineBlock.minecraft.torch":3,"stat.mineBlock.minecraft.red_flower":8,"stat.useItem.minecraft.wooden_pickaxe":19,"stat.dispenserInspected":6,"stat.craftItem.minecraft.wooden_sword":1,"stat.pickup.minecraft.log2":38,"stat.pickup.minecraft.dye":10,"stat.pickup.minecraft.planks":38,"stat.pickup.minecraft.reeds":36,"stat.killEntity.Llama":1,"stat.pickup.minecraft.iron_leggings":1,"stat.useItem.dungeontactics.claws":29,"stat.pickup.minecraft.bed":1,"tombstone:undead_killed":69,"stat.pickup.minecraft.wheat_seeds":31,"stat.mineBlock.minecraft.gravel":14,"stat.pickup.dungeontactics.master_cestus_roar":1,"stat.mineBlock.minecraft.glass":1,"stat.craftItem.minecraft.iron_leggings":1,"stat.damageDealt":20547,"stat.craftItem.minecraft.glass":19,"stat.drop.minecraft.cooked_chicken":8,"stat.sleepInBed":2,"stat.killEntity.Cow":5,"stat.mineBlock.minecraft.dirt":42,"stat.craftItem.minecraft.leather":1,"stat.useItem.minecraft.iron_bars":2,"stat.walkOneCm":729620,"stat.useItem.minecraft.torch":28,"stat.useItem.minecraft.bread":2,"stat.pickup.minecraft.golden_apple":8,"stat.playerKills":4,"stat.drop.tombstone.crafting_ingredient":1,"stat.pickup.minecraft.stick":4,"stat.pickup.minecraft.crafting_table":3,"stat.drop.minecraft.tallgrass":1,"stat.useItem.minecraft.cobblestone":89,"stat.craftItem.minecraft.crafting_table":3,"stat.useItem.minecraft.gravel":8,"stat.mineBlock.minecraft.double_plant":8,"stat.pickup.minecraft.log":16,"stat.useItem.minecraft.cooked_fish":2,"stat.useItem.tombstone.gift":3,"stat.pickup.minecraft.tallgrass":2,"stat.pickup.minecraft.stone":81,"stat.craftItem.minecraft.iron_chestplate":1,"stat.pickup.minecraft.chicken":13,"stat.pickup.minecraft.tipped_arrow":22,"stat.pickup.minecraft.sapling":13,"stat.pickup.dungeontactics.claws":1,"stat.useItem.minecraft.fireworks":54,"stat.pickup.minecraft.gold_ingot":8,"stat.killEntity.Skeleton":11,"stat.craftItem.travelersbackpack.sleeping_bag_bottom":1,"stat.mineBlock.minecraft.stonebrick":5,"stat.craftItem.minecraft.planks":172,"stat.useItem.minecraft.iron_sword":40,"stat.killEntity.Chicken":31,"stat.pickup.mca.book_infection":3,"stat.useItem.minecraft.acacia_boat":1,"stat.killEntity.Spider":6,"stat.mobKills":140,"stat.useItem.minecraft.stonebrick":2,"stat.mineBlock.minecraft.log":16,"stat.craftItem.minecraft.cooked_chicken":4,"stat.useItem.minecraft.golden_apple":9,"stat.craftItem.minecraft.paper":18,"stat.pickup.dungeontactics.bag_quiver":2,"stat.pickup.minecraft.torch":29,"stat.pickup.minecraft.red_flower":9,"stat.sneakTime":15322,"stat.pickup.minecraft.wool":4,"stat.useItem.minecraft.baked_potato":1,"stat.drop.minecraft.arrow":9,"stat.pickup.minecraft.cooked_fish":14,"stat.useItem.minecraft.wooden_axe":21,"stat.pickup.minecraft.yellow_flower":2,"stat.mineBlock.minecraft.stone":118}