{"stat.horseOneCm":2618,"stat.pickup.minecraft.gravel":8,"stat.pickup.minecraft.stone_axe":1,"stat.craftItem.minecraft.coal":11,"stat.craftItem.travelersbackpack.backpack_tank":1,"stat.jump":1084,"stat.swimOneCm":11545,"stat.pickup.minecraft.coal":14,"stat.fallOneCm":23936,"stat.useItem.minecraft.planks":6,"stat.useItem.minecraft.stone_axe":65,"stat.crouchOneCm":17076,"stat.craftItem.minecraft.iron_ingot":64,"stat.pickup.minecraft.dirt":46,"stat.useItem.minecraft.stone_slab2":6,"stat.killEntity.Piranha":1,"stat.craftingTableInteraction":33,"stat.pickup.minecraft.rotten_flesh":2,"stat.pickup.minecraft.sand":9,"stat.craftItem.minecraft.furnace":1,"stat.useItem.minecraft.egg":7,"stat.craftItem.minecraft.stone_axe":1,"stat.mineBlock.minecraft.leaves2":2,"stat.mineBlock.minecraft.log2":38,"stat.pickup.minecraft.wooden_pickaxe":1,"stat.damageTaken":686,"stat.pickup.minecraft.leather":12,"stat.pickup.minecraft.feather":5,"stat.useItem.minecraft.wooden_pickaxe":15,"stat.craftItem.minecraft.cooked_beef":7,"stat.pickup.minecraft.cobblestone":155,"stat.craftItem.minecraft.wooden_sword":1,"stat.pickup.minecraft.log2":38,"stat.pickup.minecraft.planks":36,"stat.pickup.minecraft.reeds":20,"stat.flyOneCm":167327,"stat.craftItem.minecraft.iron_shovel":1,"tombstone:undead_killed":2,"stat.pickup.minecraft.wheat_seeds":17,"stat.mineBlock.minecraft.sand":9,"stat.drop.minecraft.wheat_seeds":2,"stat.craftItem.toughasnails.charcoal_filter":3,"stat.damageDealt":1807,"stat.craftItem.minecraft.glass":9,"stat.pickup.minecraft.redstone":8,"stat.timeSinceDeath":36453,"stat.killEntity.Cow":5,"stat.mineBlock.minecraft.dirt":24,"stat.craftItem.minecraft.wooden_pickaxe":1,"stat.walkOneCm":149477,"stat.drop.tombstone.crafting_ingredient":1,"stat.pickup.minecraft.wooden_axe":2,"stat.pickup.minecraft.crafting_table":3,"stat.craftItem.minecraft.crafting_table":2,"stat.furnaceInteraction":20,"stat.mineBlock.minecraft.double_plant":5,"stat.pickup.minecraft.wooden_sword":1,"stat.pickup.minecraft.log":11,"stat.pickup.minecraft.string":2,"stat.pickup.minecraft.beef":8,"stat.useItem.tombstone.gift":1,"stat.pickup.tombstone.crafting_ingredient":1,"stat.craftItem.minecraft.stone_slab2":0,"stat.pickup.minecraft.stone":45,"stat.craftItem.minecraft.iron_chestplate":1,"stat.pickup.minecraft.chicken":4,"stat.pickup.minecraft.sapling":8,"stat.sprintOneCm":84978,"stat.craftItem.minecraft.stick":16,"stat.craftItem.minecraft.wooden_axe":2,"stat.killEntity.Skeleton":1,"stat.craftItem.minecraft.planks":152,"stat.craftItem.toughasnails.canteen":2,"stat.killEntity.Chicken":4,"stat.killEntity.Spider":1,"stat.mineBlock.minecraft.crafting_table":2,"stat.mobKills":12,"stat.mineBlock.minecraft.log":11,"stat.pickup.ic2.filled_tin_can":19,"stat.useItem.minecraft.beef":1,"stat.mineBlock.minecraft.planks":5,"stat.deaths":1,"stat.drop":3,"stat.pickup.minecraft.egg":23,"stat.craftItem.minecraft.paper":18,"stat.playOneMinute":45567,"stat.useItem.minecraft.wooden_sword":30,"stat.pickup.minecraft.torch":29,"stat.pickup.minecraft.red_flower":1,"stat.sneakTime":3580,"stat.killEntity.Zombie":1,"stat.useItem.minecraft.wooden_axe":21,"stat.pickup.minecraft.yellow_flower":1,"stat.mineBlock.minecraft.stone":12,"stat.mineBlock.minecraft.tallgrass":81,"stat.diveOneCm":16993}