{"stat.chestOpened":8,"stat.pickup.minecraft.double_plant":4,"stat.walkOneCm":34215,"stat.useItem.ic2.cable":11,"stat.pickup.travelersbackpack.travelers_backpack":2,"stat.pickup.minecraft.stick":4,"stat.leaveGame":6,"stat.useItem.minecraft.tnt":2,"stat.killEntity.Creeper":3,"stat.useItem.minecraft.diamond_sword":1,"stat.useItem.ic2.te":3,"stat.jump":343,"stat.swimOneCm":3042,"stat.fallOneCm":1103,"stat.climbOneCm":0,"stat.useItem.buildcraftfactory.flood_gate":1,"stat.useItem.tombstone.gift":1,"stat.useItem.minecraft.milk_bucket":1,"stat.drop.minecraft.cobblestone":28,"stat.pickup.minecraft.stone":76,"stat.crouchOneCm":12136,"stat.pickup.minecraft.dirt":102,"stat.useItem.minecraft.coal_ore":1,"stat.sprintOneCm":40196,"stat.useItem.minecraft.stone_slab2":888,"stat.pickup.dungeontactics.mushroom_coal":1,"stat.useItem.minecraft.water_bucket":18,"stat.pickup.mca.rose_gold_ore":1,"stat.killEntity.Skeleton":1,"stat.entityKilledBy.Spider":1,"stat.pickup.buildcraftcore.fragile_fluid_shard":10,"stat.drop.minecraft.double_plant":4,"stat.damageTaken":260,"stat.killEntity.Spider":1,"stat.killEntity.Mimic":2,"stat.mobKills":12,"stat.pickup.minecraft.cobblestone":311,"stat.useItem.buildcrafttransport.pipe_wood_power":13,"stat.pickup.dungeontactics.iron_cluster":7,"stat.flyOneCm":1263344,"stat.deaths":1,"tombstone:undead_killed":2,"stat.pickup.minecraft.wheat_seeds":3,"stat.drop":7,"stat.pickup.ic2.mining_laser":1,"stat.playOneMinute":175747,"stat.drop.minecraft.wheat_seeds":2,"stat.sneakTime":9168,"stat.pickup.mca.whistle":1,"stat.damageDealt":180,"stat.pickup.minecraft.redstone":8,"stat.killEntity.Zombie":1,"stat.timeSinceDeath":174416,"stat.killEntity.Cow":2,"stat.mineBlock.minecraft.tallgrass":2,"stat.diveOneCm":107}