{"stat.pickup.minecraft.double_plant":4,"stat.walkOneCm":5937,"stat.entityKilledBy.Spider":1,"stat.leaveGame":1,"stat.drop.minecraft.double_plant":4,"stat.damageTaken":260,"stat.flyOneCm":251011,"stat.deaths":1,"stat.pickup.minecraft.wheat_seeds":2,"stat.drop":4,"stat.jump":174,"stat.playOneMinute":24334,"stat.fallOneCm":1103,"stat.drop.minecraft.wheat_seeds":2,"stat.useItem.tombstone.gift":1,"stat.useItem.minecraft.milk_bucket":1,"stat.sneakTime":377,"stat.pickup.mca.whistle":1,"stat.damageDealt":45,"stat.crouchOneCm":1596,"stat.timeSinceDeath":23003,"stat.sprintOneCm":9188,"stat.useItem.minecraft.stone_slab2":1,"stat.mineBlock.minecraft.tallgrass":2}