{"stat.flyOneCm":33030,"stat.pickup.minecraft.double_plant":4,"stat.deaths":1,"stat.walkOneCm":3882,"stat.pickup.minecraft.wheat_seeds":2,"stat.drop":4,"stat.jump":56,"stat.entityKilledBy.Spider":1,"stat.playOneMinute":3737,"stat.fallOneCm":1103,"stat.drop.minecraft.wheat_seeds":2,"stat.useItem.tombstone.gift":1,"stat.useItem.minecraft.milk_bucket":1,"stat.sneakTime":45,"stat.drop.minecraft.double_plant":4,"stat.damageTaken":260,"stat.crouchOneCm":191,"stat.timeSinceDeath":2406,"stat.sprintOneCm":2767,"stat.useItem.minecraft.stone_slab2":1,"stat.mineBlock.minecraft.tallgrass":2}