{"stat.pickup.tconstruct.book":1,"stat.leaveGame":13,"stat.useItem.mts.mtsofficialpack.e500_blackred":2,"stat.useItem.minecraft.diamond_sword":1,"stat.useItem.mts.mtsofficialpack.fordmustang69_red":1,"stat.swimOneCm":6189,"stat.climbOneCm":0,"stat.useItem.buildcraftfactory.flood_gate":1,"stat.drop.minecraft.cobblestone":28,"stat.useItem.minecraft.dirt":55,"stat.useItem.minecraft.stone_slab2":1297,"stat.useItem.minecraft.water_bucket":18,"stat.drop.mts.mtsofficialpack.prop5":8,"stat.useItem.twilightforest.giant_sword":3,"stat.entityKilledBy.Spider":1,"stat.killEntity.Mimic":2,"stat.pickup.minecraft.cobblestone":311,"stat.pickup.dungeontactics.iron_cluster":7,"stat.flyOneCm":2097412,"stat.pickup.minecraft.sandstone":56,"stat.drop.minecraft.wheat_seeds":2,"stat.pickup.minecraft.redstone":8,"stat.timeSinceDeath":287087,"stat.useItem.minecraft.spawn_egg":12,"stat.pickup.minecraft.double_plant":5,"stat.pickup.travelersbackpack.travelers_backpack":2,"stat.pickup.ebwizardry.magic_crystal":4,"stat.killEntity.Creeper":3,"stat.useItem.minecraft.milk_bucket":1,"stat.pickup.mts.mts.handbook_plane":1,"stat.pickup.minecraft.sandstone_stairs":38,"stat.sprintOneCm":79234,"stat.pickup.minecraft.paper":2,"stat.useItem.mts.mtsofficialpack.fordmustang69_yellow":2,"stat.killEntity.ebwizardry:evil_wizard":1,"stat.pickup.mca.rose_gold_ore":1,"stat.killEntity.Horse":1,"stat.useItem.minecraft.flint_and_steel":1,"stat.deaths":1,"stat.drop":8,"stat.playOneMinute":288418,"stat.killEntity.Zombie":1,"stat.mineBlock.minecraft.tallgrass":2,"stat.diveOneCm":2303,"stat.chestOpened":9,"stat.useItem.ic2.cable":11,"stat.pickup.tconstruct.casting":1,"stat.useItem.minecraft.diamond_axe":4,"stat.pickup.ic2.te":1,"stat.jump":805,"stat.fallOneCm":5833,"stat.crouchOneCm":15805,"stat.pickup.minecraft.dirt":232,"stat.useItem.minecraft.coal_ore":1,"stat.pickup.buildcraftcore.fragile_fluid_shard":10,"stat.drop.minecraft.double_plant":4,"stat.damageTaken":370,"stat.pickup.minecraft.leather":1,"stat.pickup.ebwizardry.scroll":1,"stat.killEntity.tconstruct.blueslime":1,"tombstone:undead_killed":2,"stat.pickup.minecraft.wheat_seeds":8,"stat.pickup.ic2.mining_laser":1,"stat.damageDealt":917,"stat.useItem.mowziesmobs.spawn_egg":7,"stat.killEntity.Cow":2,"stat.pickup.ebwizardry.master_necromancy_wand":3,"stat.walkOneCm":105618,"stat.pickup.minecraft.stick":5,"stat.useItem.minecraft.tnt":2,"stat.useItem.minecraft.lava_bucket":2,"stat.useItem.ic2.te":4,"stat.useItem.tombstone.gift":1,"stat.pickup.minecraft.stone":76,"stat.pickup.minecraft.baked_potato":1,"stat.pickup.dungeontactics.mushroom_coal":1,"stat.killEntity.Skeleton":1,"stat.killEntity.Spider":1,"stat.pickup.mts.mtsofficialpack.prop5":8,"stat.mobKills":23,"stat.pickup.minecraft.golden_sword":1,"stat.useItem.buildcrafttransport.pipe_wood_power":13,"stat.pickup.mts.mts.handbook_car":1,"stat.sneakTime":10594,"stat.pickup.mca.whistle":1,"stat.pickup.minecraft.chest":1}