{"stat.flyOneCm":212489,"stat.pickup.minecraft.double_plant":4,"stat.deaths":1,"stat.walkOneCm":5115,"stat.pickup.minecraft.wheat_seeds":2,"stat.drop":4,"stat.jump":139,"stat.entityKilledBy.Spider":1,"stat.playOneMinute":16337,"stat.fallOneCm":1103,"stat.drop.minecraft.wheat_seeds":2,"stat.useItem.tombstone.gift":1,"stat.useItem.minecraft.milk_bucket":1,"stat.sneakTime":45,"stat.drop.minecraft.double_plant":4,"stat.damageTaken":260,"stat.damageDealt":45,"stat.crouchOneCm":191,"stat.timeSinceDeath":15006,"stat.sprintOneCm":7882,"stat.useItem.minecraft.stone_slab2":1,"stat.mineBlock.minecraft.tallgrass":2}