{"stat.useItem.mts.mtsofficialpack.bell47g_black":1,"stat.walkOneCm":65955,"stat.killEntity.Horse":1,"stat.killEntity.pirate_villager":3,"stat.pickup.tconstruct.casting":1,"stat.leaveGame":3,"stat.killEntity.ebwizardry:phoenix":1,"stat.damageTaken":840,"stat.pickup.minecraft.cobblestone":1,"stat.mobKills":5,"stat.pickup.minecraft.gold_block":7,"stat.useItem.mts.mtsofficialpack.fordmustang69_red":2,"stat.talkedToVillager":4,"stat.pickup.mca.engagement_ring":1,"stat.useItem.minecraft.golden_apple":11,"stat.flyOneCm":94740,"stat.drop":3,"stat.pickup.minecraft.diamond":64,"stat.pickup.minecraft.wheat_seeds":1,"stat.jump":176,"stat.playOneMinute":110728,"stat.pickup.minecraft.iron_ingot":66,"stat.fallOneCm":538,"stat.useItem.minecraft.milk_bucket":1,"stat.sneakTime":1016,"stat.damageDealt":10,"stat.crouchOneCm":3046,"stat.sleepInBed":2,"stat.timeSinceDeath":110728,"stat.drop.minecraft.iron_ingot":66,"stat.pickup.minecraft.dirt":3,"stat.sprintOneCm":14708,"stat.useItem.minecraft.stone_slab2":244,"stat.useItem.minecraft.spawn_egg":9,"stat.pickup.mts.mtsofficialpack.propellerrotor":1}