{"stat.useItem.minecraft.string":2,"stat.pickup.minecraft.bone":1,"stat.leaveGame":3,"stat.mineBlock.minecraft.cobblestone":7,"stat.swimOneCm":15583,"stat.craftItem.minecraft.shield":1,"stat.mineBlock.minecraft.web":8,"stat.useItem.minecraft.stone_slab2":18,"stat.pickup.forge.bucketfilled":1,"stat.useItem.minecraft.water_bucket":6,"stat.pickup.minecraft.rotten_flesh":7,"stat.craftItem.minecraft.furnace":3,"stat.craftItem.minecraft.iron_boots":1,"stat.craftItem.minecraft.stone_pickaxe":1,"stat.craftItem.minecraft.cooked_beef":11,"stat.pickup.minecraft.cobblestone":186,"stat.pickup.dungeontactics.iron_cluster":38,"stat.craftItem.minecraft.stone_sword":1,"stat.flyOneCm":65220,"stat.useItem.tombstone.scroll_buff":1,"stat.pickup.minecraft.fish":1,"stat.useItem.minecraft.cooked_beef":5,"stat.mineBlock.minecraft.iron_ore":39,"stat.timeSinceDeath":21416,"stat.useItem.minecraft.iron_pickaxe":252,"stat.craftItem.minecraft.wooden_pickaxe":1,"stat.killEntity.Bat":1,"stat.pickup.minecraft.wooden_axe":2,"stat.furnaceInteraction":34,"stat.mineBlock.minecraft.rail":1,"stat.mineBlock.minecraft.coal_ore":114,"stat.killEntity.Creeper":2,"stat.pickup.minecraft.string":11,"stat.pickup.minecraft.beef":11,"stat.pickup.tombstone.crafting_ingredient":5,"stat.craftItem.minecraft.stone_slab2":0,"stat.sprintOneCm":70768,"stat.craftItem.minecraft.stick":20,"stat.craftItem.minecraft.wooden_axe":1,"stat.mineBlock.minecraft.crafting_table":2,"stat.deaths":1,"stat.drop":10,"stat.playOneMinute":57339,"stat.drop.minecraft.string":2,"stat.craftItem.minecraft.iron_pickaxe":2,"stat.killEntity.Zombie":4,"stat.mineBlock.minecraft.tallgrass":12,"stat.diveOneCm":24157,"stat.useItem.minecraft.stone":3,"stat.pickup.minecraft.gravel":12,"stat.useItem.minecraft.rotten_flesh":1,"stat.jump":690,"stat.pickup.minecraft.coal":113,"stat.fallOneCm":7333,"stat.pickup.minecraft.gunpowder":1,"stat.crouchOneCm":12937,"stat.pickup.minecraft.rail":1,"stat.craftItem.minecraft.torch":28,"stat.craftItem.minecraft.iron_ingot":38,"stat.pickup.minecraft.dirt":17,"stat.craftItem.minecraft.iron_helmet":1,"stat.craftingTableInteraction":24,"stat.mineBlock.minecraft.log2":43,"stat.damageTaken":542,"stat.pickup.minecraft.leather":8,"stat.useItem.minecraft.wooden_pickaxe":22,"stat.pickup.minecraft.log2":43,"tombstone:undead_killed":6,"stat.pickup.minecraft.wheat_seeds":3,"stat.useItem.forge.bucketfilled":1,"stat.mineBlock.minecraft.gravel":16,"stat.useItem.minecraft.stone_pickaxe":130,"stat.useItem.minecraft.stone_sword":40,"stat.craftItem.minecraft.iron_leggings":1,"stat.damageDealt":2362,"stat.killEntity.Cow":6,"stat.mineBlock.minecraft.dirt":12,"stat.craftItem.minecraft.iron_sword":1,"stat.walkOneCm":177590,"stat.useItem.minecraft.torch":35,"stat.pickup.minecraft.crafting_table":2,"stat.useItem.minecraft.cobblestone":45,"stat.craftItem.minecraft.crafting_table":2,"stat.mineBlock.minecraft.double_plant":2,"stat.pickup.minecraft.log":5,"stat.pickup.minecraft.stone":30,"stat.drop.minecraft.sapling":8,"stat.craftItem.minecraft.iron_chestplate":1,"stat.pickup.minecraft.sapling":18,"stat.killEntity.Skeleton":1,"stat.craftItem.minecraft.planks":32,"stat.useItem.minecraft.iron_sword":4,"stat.mobKills":15,"stat.mineBlock.minecraft.log":5,"stat.pickup.minecraft.torch":1,"stat.sneakTime":5023,"stat.useItem.minecraft.wooden_axe":32,"stat.mineBlock.minecraft.stone":233}