{"stat.useItem.minecraft.string":2,"stat.pickup.minecraft.bone":5,"stat.leaveGame":3,"stat.mineBlock.minecraft.cobblestone":9,"stat.pickup.minecraft.flint":1,"stat.swimOneCm":34228,"stat.craftItem.minecraft.shield":1,"stat.pickup.minecraft.enchanted_book":1,"stat.mineBlock.minecraft.web":22,"stat.useItem.minecraft.stone_slab2":26,"stat.pickup.forge.bucketfilled":1,"stat.useItem.minecraft.water_bucket":29,"stat.pickup.minecraft.rotten_flesh":14,"stat.craftItem.minecraft.furnace":3,"stat.craftItem.minecraft.iron_boots":1,"stat.pickup.minecraft.bucket":3,"stat.craftItem.minecraft.stone_pickaxe":1,"stat.craftItem.minecraft.cooked_beef":11,"stat.pickup.minecraft.cobblestone":307,"stat.pickup.dungeontactics.iron_cluster":109,"stat.craftItem.minecraft.stone_sword":1,"stat.flyOneCm":126852,"stat.useItem.tombstone.scroll_buff":1,"stat.pickup.minecraft.fish":1,"stat.useItem.minecraft.cooked_beef":8,"stat.mineBlock.minecraft.iron_ore":110,"stat.timeSinceDeath":47925,"stat.useItem.minecraft.iron_pickaxe":571,"stat.craftItem.minecraft.wooden_pickaxe":2,"stat.killEntity.Bat":2,"stat.pickup.travelersbackpack.travelers_backpack":1,"stat.pickup.minecraft.wooden_axe":2,"stat.furnaceInteraction":34,"stat.mineBlock.minecraft.rail":1,"stat.mineBlock.minecraft.coal_ore":153,"stat.killEntity.Creeper":9,"stat.pickup.minecraft.string":25,"stat.pickup.minecraft.beef":11,"stat.pickup.tombstone.crafting_ingredient":5,"stat.craftItem.minecraft.stone_slab2":0,"stat.sprintOneCm":319834,"stat.craftItem.minecraft.stick":32,"stat.craftItem.minecraft.wooden_axe":1,"stat.mineBlock.minecraft.fence":1,"stat.mineBlock.minecraft.crafting_table":2,"stat.deaths":2,"stat.mineBlock.minecraft.planks":2,"stat.drop":13,"stat.playOneMinute":120339,"stat.drop.minecraft.string":2,"stat.craftItem.minecraft.iron_pickaxe":4,"stat.killEntity.Zombie":9,"stat.mineBlock.minecraft.tallgrass":13,"stat.diveOneCm":24620,"stat.useItem.minecraft.stone":3,"stat.pickup.minecraft.gravel":27,"stat.pickup.minecraft.arrow":4,"stat.pickup.dungeontactics.bag_record":2,"stat.useItem.minecraft.rotten_flesh":1,"stat.jump":1456,"stat.pickup.minecraft.coal":156,"stat.fallOneCm":12306,"stat.pickup.minecraft.gunpowder":5,"stat.crouchOneCm":23559,"stat.pickup.minecraft.rail":6,"stat.pickup.minecraft.spider_eye":3,"stat.craftItem.minecraft.torch":56,"stat.craftItem.minecraft.iron_ingot":38,"stat.pickup.minecraft.dirt":25,"stat.craftItem.minecraft.iron_helmet":1,"stat.craftingTableInteraction":28,"stat.mineBlock.minecraft.log2":46,"stat.damageTaken":884,"stat.pickup.minecraft.leather":8,"stat.mineBlock.minecraft.torch":3,"stat.useItem.minecraft.wooden_pickaxe":53,"stat.pickup.minecraft.log2":46,"stat.pickup.minecraft.dye":6,"stat.pickup.minecraft.planks":7,"stat.pickup.dungeontactics.bag_book":1,"stat.killEntity.CaveSpider":4,"tombstone:undead_killed":14,"stat.pickup.minecraft.wheat_seeds":3,"stat.useItem.forge.bucketfilled":1,"stat.mineBlock.minecraft.gravel":26,"stat.useItem.minecraft.stone_pickaxe":130,"stat.useItem.minecraft.stone_sword":40,"stat.craftItem.minecraft.iron_leggings":1,"stat.damageDealt":6843,"stat.killEntity.Cow":6,"stat.mineBlock.minecraft.dirt":23,"stat.craftItem.minecraft.iron_sword":1,"stat.pickup.minecraft.record_13":1,"stat.pickup.minecraft.record_11":1,"stat.walkOneCm":394439,"stat.useItem.minecraft.torch":96,"stat.pickup.minecraft.crafting_table":2,"stat.useItem.minecraft.cobblestone":49,"stat.craftItem.minecraft.crafting_table":4,"stat.mineBlock.minecraft.double_plant":2,"stat.pickup.minecraft.log":5,"stat.useItem.tombstone.gift":1,"stat.pickup.minecraft.stone":48,"stat.drop.minecraft.sapling":8,"stat.craftItem.minecraft.iron_chestplate":1,"stat.pickup.minecraft.sapling":18,"stat.pickup.minecraft.gold_ingot":1,"stat.killEntity.Skeleton":4,"stat.craftItem.minecraft.planks":44,"stat.useItem.minecraft.iron_sword":114,"stat.killEntity.Spider":4,"stat.mobKills":41,"stat.mineBlock.minecraft.log":5,"stat.pickup.minecraft.torch":6,"stat.sneakTime":9521,"stat.craftItem.minecraft.coal_block":14,"stat.drop.minecraft.bucket":3,"stat.useItem.minecraft.wooden_axe":32,"stat.mineBlock.minecraft.stone":470}