{"stat.useItem.minecraft.string":2,"stat.pickup.minecraft.bone":1,"stat.leaveGame":3,"stat.mineBlock.minecraft.cobblestone":9,"stat.pickup.minecraft.flint":1,"stat.swimOneCm":32979,"stat.craftItem.minecraft.shield":1,"stat.mineBlock.minecraft.web":14,"stat.useItem.minecraft.stone_slab2":23,"stat.pickup.forge.bucketfilled":1,"stat.useItem.minecraft.water_bucket":23,"stat.pickup.minecraft.rotten_flesh":14,"stat.craftItem.minecraft.furnace":3,"stat.craftItem.minecraft.iron_boots":1,"stat.craftItem.minecraft.stone_pickaxe":1,"stat.craftItem.minecraft.cooked_beef":11,"stat.pickup.minecraft.cobblestone":286,"stat.pickup.dungeontactics.iron_cluster":83,"stat.craftItem.minecraft.stone_sword":1,"stat.flyOneCm":103797,"stat.useItem.tombstone.scroll_buff":1,"stat.pickup.minecraft.fish":1,"stat.useItem.minecraft.cooked_beef":5,"stat.mineBlock.minecraft.iron_ore":84,"stat.timeSinceDeath":22725,"stat.useItem.minecraft.iron_pickaxe":448,"stat.craftItem.minecraft.wooden_pickaxe":2,"stat.killEntity.Bat":2,"stat.pickup.travelersbackpack.travelers_backpack":1,"stat.pickup.minecraft.wooden_axe":2,"stat.furnaceInteraction":34,"stat.mineBlock.minecraft.rail":1,"stat.mineBlock.minecraft.coal_ore":141,"stat.killEntity.Creeper":8,"stat.pickup.minecraft.string":17,"stat.pickup.minecraft.beef":11,"stat.pickup.tombstone.crafting_ingredient":5,"stat.craftItem.minecraft.stone_slab2":0,"stat.sprintOneCm":246612,"stat.craftItem.minecraft.stick":28,"stat.craftItem.minecraft.wooden_axe":1,"stat.mineBlock.minecraft.crafting_table":2,"stat.deaths":2,"stat.drop":10,"stat.playOneMinute":95139,"stat.drop.minecraft.string":2,"stat.craftItem.minecraft.iron_pickaxe":2,"stat.killEntity.Zombie":9,"stat.mineBlock.minecraft.tallgrass":13,"stat.diveOneCm":24620,"stat.useItem.minecraft.stone":3,"stat.pickup.minecraft.gravel":27,"stat.pickup.dungeontactics.bag_record":1,"stat.useItem.minecraft.rotten_flesh":1,"stat.jump":1029,"stat.pickup.minecraft.coal":140,"stat.fallOneCm":10502,"stat.pickup.minecraft.gunpowder":5,"stat.crouchOneCm":21720,"stat.pickup.minecraft.rail":6,"stat.craftItem.minecraft.torch":56,"stat.craftItem.minecraft.iron_ingot":38,"stat.pickup.minecraft.dirt":25,"stat.craftItem.minecraft.iron_helmet":1,"stat.craftingTableInteraction":25,"stat.mineBlock.minecraft.log2":46,"stat.damageTaken":627,"stat.pickup.minecraft.leather":8,"stat.mineBlock.minecraft.torch":3,"stat.useItem.minecraft.wooden_pickaxe":53,"stat.pickup.minecraft.log2":46,"stat.pickup.minecraft.dye":6,"stat.pickup.minecraft.planks":5,"tombstone:undead_killed":11,"stat.pickup.minecraft.wheat_seeds":3,"stat.useItem.forge.bucketfilled":1,"stat.mineBlock.minecraft.gravel":25,"stat.useItem.minecraft.stone_pickaxe":130,"stat.useItem.minecraft.stone_sword":40,"stat.craftItem.minecraft.iron_leggings":1,"stat.damageDealt":5133,"stat.killEntity.Cow":6,"stat.mineBlock.minecraft.dirt":20,"stat.craftItem.minecraft.iron_sword":1,"stat.pickup.minecraft.record_11":1,"stat.walkOneCm":311058,"stat.useItem.minecraft.torch":96,"stat.pickup.minecraft.crafting_table":2,"stat.useItem.minecraft.cobblestone":45,"stat.craftItem.minecraft.crafting_table":3,"stat.mineBlock.minecraft.double_plant":2,"stat.pickup.minecraft.log":5,"stat.useItem.tombstone.gift":1,"stat.pickup.minecraft.stone":45,"stat.drop.minecraft.sapling":8,"stat.craftItem.minecraft.iron_chestplate":1,"stat.pickup.minecraft.sapling":18,"stat.pickup.minecraft.gold_ingot":1,"stat.killEntity.Skeleton":1,"stat.craftItem.minecraft.planks":44,"stat.useItem.minecraft.iron_sword":69,"stat.killEntity.Spider":2,"stat.mobKills":30,"stat.mineBlock.minecraft.log":5,"stat.pickup.minecraft.torch":5,"stat.sneakTime":8713,"stat.useItem.minecraft.wooden_axe":32,"stat.mineBlock.minecraft.stone":384}