{"stat.useItem.minecraft.string":2,"stat.pickup.minecraft.bone":13,"stat.craftItem.minecraft.acacia_boat":1,"stat.horseOneCm":315590,"stat.leaveGame":6,"stat.mineBlock.minecraft.cobblestone":9,"stat.pickup.minecraft.flint":1,"stat.drop.minecraft.redstone":2,"stat.mineBlock.minecraft.sandstone":12,"stat.pickup.minecraft.fishing_rod":3,"stat.swimOneCm":45445,"stat.craftItem.minecraft.shield":1,"stat.pickup.minecraft.enchanted_book":1,"stat.mineBlock.minecraft.web":22,"stat.pickup.dungeontactics.copper_cluster":1,"stat.craftItem.minecraft.saddle":1,"stat.drop.minecraft.cobblestone":1,"stat.useItem.minecraft.dirt":9,"stat.useItem.minecraft.stone_slab2":38,"stat.pickup.forge.bucketfilled":1,"stat.useItem.minecraft.water_bucket":41,"stat.pickup.minecraft.rotten_flesh":16,"stat.pickup.minecraft.sand":7,"stat.craftItem.minecraft.furnace":6,"stat.craftItem.minecraft.iron_boots":1,"stat.pickup.minecraft.bucket":3,"stat.craftItem.minecraft.stone_pickaxe":1,"stat.craftItem.minecraft.cooked_beef":11,"stat.pickup.minecraft.cobblestone":1110,"stat.pickup.dungeontactics.iron_cluster":123,"stat.craftItem.minecraft.stone_sword":1,"stat.flyOneCm":380631,"stat.useItem.tombstone.scroll_buff":1,"stat.pickup.minecraft.sandstone":9,"stat.mineBlock.minecraft.sand":13,"stat.pickup.minecraft.fish":1,"stat.killEntity.Witch":1,"stat.drop.minecraft.wheat_seeds":1,"stat.useItem.minecraft.cooked_beef":11,"stat.pickup.minecraft.redstone":2,"stat.pickup.minecraft.acacia_boat":1,"stat.mineBlock.minecraft.iron_ore":124,"stat.timeSinceDeath":1433,"stat.useItem.minecraft.iron_pickaxe":1523,"stat.craftItem.minecraft.wooden_pickaxe":2,"stat.killEntity.Bat":2,"stat.pickup.travelersbackpack.travelers_backpack":1,"stat.pickup.minecraft.wooden_axe":2,"stat.furnaceInteraction":45,"stat.mineBlock.minecraft.rail":1,"stat.mineBlock.minecraft.coal_ore":179,"tombstone:tomb_raiding":1,"stat.killEntity.Creeper":9,"stat.talkedToVillager":87,"stat.pickup.minecraft.string":25,"stat.pickup.minecraft.beef":37,"stat.pickup.tombstone.crafting_ingredient":5,"stat.craftItem.minecraft.stone_slab2":0,"stat.sprintOneCm":432140,"stat.drop.minecraft.fishing_rod":2,"stat.mineBlock.minecraft.stone_slab":1,"stat.craftItem.minecraft.stick":36,"stat.craftItem.minecraft.wooden_axe":1,"stat.pickup.mca.rose_gold_ore":21,"stat.craftItem.toughasnails.canteen":1,"stat.mineBlock.minecraft.fence":1,"stat.mineBlock.minecraft.crafting_table":3,"stat.deaths":3,"stat.mineBlock.minecraft.planks":2,"stat.drop":20,"stat.pickup.minecraft.egg":1,"stat.playOneMinute":207998,"stat.drop.minecraft.string":2,"stat.craftItem.minecraft.iron_pickaxe":8,"stat.killEntity.Zombie":11,"stat.pickup.dungeontactics.magic_powder":1,"stat.mineBlock.minecraft.tallgrass":34,"stat.fishCaught":1,"stat.diveOneCm":47427,"stat.useItem.minecraft.stone":21,"stat.pickup.minecraft.gravel":27,"stat.pickup.minecraft.arrow":4,"stat.pickup.dungeontactics.tin_cluster":4,"stat.pickup.dungeontactics.bag_record":2,"stat.craftItem.minecraft.coal":117,"stat.useItem.minecraft.rotten_flesh":1,"stat.jump":2959,"stat.pickup.minecraft.coal":169,"stat.fallOneCm":44466,"stat.drop.minecraft.stone":1,"stat.pickup.minecraft.gunpowder":5,"stat.crouchOneCm":31845,"stat.pickup.minecraft.rail":6,"stat.pickup.minecraft.spider_eye":3,"stat.craftItem.minecraft.torch":56,"stat.craftItem.minecraft.iron_ingot":45,"stat.pickup.minecraft.dirt":92,"stat.craftItem.minecraft.iron_helmet":1,"stat.craftingTableInteraction":43,"stat.mineBlock.mca.rose_gold_ore":21,"stat.boatOneCm":89006,"stat.mineBlock.minecraft.lapis_ore":1,"stat.mineBlock.ic2.resource":7,"stat.mineBlock.minecraft.log2":46,"stat.damageTaken":1920,"stat.pickup.minecraft.leather":24,"stat.mineBlock.minecraft.torch":3,"stat.useItem.minecraft.wooden_pickaxe":53,"stat.pickup.minecraft.log2":46,"stat.pickup.minecraft.dye":11,"stat.pickup.minecraft.planks":7,"stat.pickup.dungeontactics.bag_book":1,"stat.killEntity.CaveSpider":4,"tombstone:undead_killed":17,"stat.pickup.minecraft.wheat_seeds":8,"stat.useItem.forge.bucketfilled":1,"stat.mineBlock.minecraft.gravel":40,"stat.useItem.minecraft.stone_pickaxe":130,"stat.useItem.minecraft.stone_sword":40,"stat.craftItem.minecraft.iron_leggings":1,"stat.damageDealt":9549,"stat.killEntity.Cow":20,"stat.mineBlock.minecraft.dirt":67,"stat.craftItem.minecraft.iron_sword":1,"stat.pickup.minecraft.record_13":1,"stat.pickup.minecraft.record_11":1,"stat.walkOneCm":564802,"stat.useItem.minecraft.torch":102,"stat.useItem.minecraft.bread":5,"stat.playerKills":1,"stat.pickup.minecraft.stick":2,"stat.pickup.minecraft.crafting_table":3,"stat.useItem.minecraft.cobblestone":50,"stat.craftItem.minecraft.crafting_table":8,"stat.mineBlock.minecraft.double_plant":3,"stat.pickup.minecraft.log":5,"stat.useItem.tombstone.gift":1,"stat.pickup.minecraft.stone":152,"stat.drop.minecraft.sapling":8,"stat.craftItem.minecraft.iron_chestplate":1,"stat.pickup.minecraft.sapling":18,"stat.pickup.dungeontactics.bag_tool":1,"stat.pickup.minecraft.gold_ingot":1,"stat.killEntity.Skeleton":5,"stat.craftItem.minecraft.planks":68,"stat.useItem.minecraft.iron_sword":176,"stat.useItem.minecraft.acacia_boat":2,"stat.killEntity.Spider":4,"stat.pickup.dungeontactics.lead_cluster":1,"stat.mobKills":60,"stat.mineBlock.minecraft.log":5,"stat.pickup.minecraft.torch":6,"stat.pickup.minecraft.red_flower":2,"stat.mineBlock.minecraft.redstone_ore":1,"stat.sneakTime":12548,"stat.craftItem.minecraft.coal_block":14,"stat.drop.minecraft.bucket":3,"stat.useItem.minecraft.wooden_axe":32,"stat.mineBlock.minecraft.stone":1320,"stat.useItem.minecraft.fishing_rod":1}