{"stat.useItem.minecraft.string":2,"stat.pickup.minecraft.bone":13,"stat.leaveGame":3,"stat.mineBlock.minecraft.cobblestone":9,"stat.pickup.minecraft.flint":1,"stat.swimOneCm":39099,"stat.craftItem.minecraft.shield":1,"stat.pickup.minecraft.enchanted_book":1,"stat.mineBlock.minecraft.web":22,"stat.useItem.minecraft.dirt":9,"stat.useItem.minecraft.stone_slab2":33,"stat.pickup.forge.bucketfilled":1,"stat.useItem.minecraft.water_bucket":36,"stat.pickup.minecraft.rotten_flesh":14,"stat.craftItem.minecraft.furnace":6,"stat.craftItem.minecraft.iron_boots":1,"stat.pickup.minecraft.bucket":3,"stat.craftItem.minecraft.stone_pickaxe":1,"stat.craftItem.minecraft.cooked_beef":11,"stat.pickup.minecraft.cobblestone":719,"stat.pickup.dungeontactics.iron_cluster":122,"stat.craftItem.minecraft.stone_sword":1,"stat.flyOneCm":215465,"stat.useItem.tombstone.scroll_buff":1,"stat.mineBlock.minecraft.sand":6,"stat.pickup.minecraft.fish":1,"stat.useItem.minecraft.cooked_beef":11,"stat.mineBlock.minecraft.iron_ore":123,"stat.timeSinceDeath":85725,"stat.useItem.minecraft.iron_pickaxe":1260,"stat.craftItem.minecraft.wooden_pickaxe":2,"stat.killEntity.Bat":2,"stat.pickup.travelersbackpack.travelers_backpack":1,"stat.pickup.minecraft.wooden_axe":2,"stat.furnaceInteraction":45,"stat.mineBlock.minecraft.rail":1,"stat.mineBlock.minecraft.coal_ore":176,"tombstone:tomb_raiding":1,"stat.killEntity.Creeper":9,"stat.pickup.minecraft.string":25,"stat.pickup.minecraft.beef":11,"stat.pickup.tombstone.crafting_ingredient":5,"stat.craftItem.minecraft.stone_slab2":0,"stat.sprintOneCm":358140,"stat.craftItem.minecraft.stick":32,"stat.craftItem.minecraft.wooden_axe":1,"stat.pickup.mca.rose_gold_ore":13,"stat.mineBlock.minecraft.fence":1,"stat.mineBlock.minecraft.crafting_table":3,"stat.deaths":2,"stat.mineBlock.minecraft.planks":2,"stat.drop":13,"stat.playOneMinute":158139,"stat.drop.minecraft.string":2,"stat.craftItem.minecraft.iron_pickaxe":6,"stat.killEntity.Zombie":11,"stat.mineBlock.minecraft.tallgrass":26,"stat.diveOneCm":36545,"stat.useItem.minecraft.stone":3,"stat.pickup.minecraft.gravel":27,"stat.pickup.minecraft.arrow":4,"stat.pickup.dungeontactics.bag_record":2,"stat.craftItem.minecraft.coal":117,"stat.useItem.minecraft.rotten_flesh":1,"stat.jump":2135,"stat.pickup.minecraft.coal":165,"stat.fallOneCm":21456,"stat.pickup.minecraft.gunpowder":5,"stat.crouchOneCm":27619,"stat.pickup.minecraft.rail":6,"stat.pickup.minecraft.spider_eye":3,"stat.craftItem.minecraft.torch":56,"stat.craftItem.minecraft.iron_ingot":45,"stat.pickup.minecraft.dirt":52,"stat.craftItem.minecraft.iron_helmet":1,"stat.craftingTableInteraction":39,"stat.mineBlock.mca.rose_gold_ore":13,"stat.mineBlock.minecraft.lapis_ore":1,"stat.mineBlock.minecraft.log2":46,"stat.damageTaken":1505,"stat.pickup.minecraft.leather":8,"stat.mineBlock.minecraft.torch":3,"stat.useItem.minecraft.wooden_pickaxe":53,"stat.pickup.minecraft.log2":46,"stat.pickup.minecraft.dye":11,"stat.pickup.minecraft.planks":7,"stat.pickup.dungeontactics.bag_book":1,"stat.killEntity.CaveSpider":4,"tombstone:undead_killed":17,"stat.pickup.minecraft.wheat_seeds":3,"stat.useItem.forge.bucketfilled":1,"stat.mineBlock.minecraft.gravel":34,"stat.useItem.minecraft.stone_pickaxe":130,"stat.useItem.minecraft.stone_sword":40,"stat.craftItem.minecraft.iron_leggings":1,"stat.damageDealt":7709,"stat.killEntity.Cow":6,"stat.mineBlock.minecraft.dirt":48,"stat.craftItem.minecraft.iron_sword":1,"stat.pickup.minecraft.record_13":1,"stat.pickup.minecraft.record_11":1,"stat.walkOneCm":489752,"stat.useItem.minecraft.torch":98,"stat.useItem.minecraft.bread":1,"stat.playerKills":1,"stat.pickup.minecraft.crafting_table":3,"stat.useItem.minecraft.cobblestone":49,"stat.craftItem.minecraft.crafting_table":6,"stat.mineBlock.minecraft.double_plant":3,"stat.pickup.minecraft.log":5,"stat.useItem.tombstone.gift":1,"stat.pickup.minecraft.stone":118,"stat.drop.minecraft.sapling":8,"stat.craftItem.minecraft.iron_chestplate":1,"stat.pickup.minecraft.sapling":18,"stat.pickup.minecraft.gold_ingot":1,"stat.killEntity.Skeleton":5,"stat.craftItem.minecraft.planks":52,"stat.useItem.minecraft.iron_sword":133,"stat.killEntity.Spider":4,"stat.mobKills":45,"stat.mineBlock.minecraft.log":5,"stat.pickup.minecraft.torch":6,"stat.pickup.minecraft.red_flower":2,"stat.mineBlock.minecraft.redstone_ore":1,"stat.sneakTime":10970,"stat.craftItem.minecraft.coal_block":14,"stat.drop.minecraft.bucket":3,"stat.useItem.minecraft.wooden_axe":32,"stat.mineBlock.minecraft.stone":1097}