{"stat.useItem.minecraft.string":2,"stat.pickup.minecraft.bone":13,"stat.leaveGame":3,"stat.mineBlock.minecraft.cobblestone":9,"stat.pickup.minecraft.flint":1,"stat.swimOneCm":35245,"stat.craftItem.minecraft.shield":1,"stat.pickup.minecraft.enchanted_book":1,"stat.mineBlock.minecraft.web":22,"stat.useItem.minecraft.dirt":5,"stat.useItem.minecraft.stone_slab2":29,"stat.pickup.forge.bucketfilled":1,"stat.useItem.minecraft.water_bucket":34,"stat.pickup.minecraft.rotten_flesh":14,"stat.craftItem.minecraft.furnace":5,"stat.craftItem.minecraft.iron_boots":1,"stat.pickup.minecraft.bucket":3,"stat.craftItem.minecraft.stone_pickaxe":1,"stat.craftItem.minecraft.cooked_beef":11,"stat.pickup.minecraft.cobblestone":385,"stat.pickup.dungeontactics.iron_cluster":111,"stat.craftItem.minecraft.stone_sword":1,"stat.flyOneCm":196945,"stat.useItem.tombstone.scroll_buff":1,"stat.mineBlock.minecraft.sand":3,"stat.pickup.minecraft.fish":1,"stat.useItem.minecraft.cooked_beef":11,"stat.mineBlock.minecraft.iron_ore":112,"stat.timeSinceDeath":60525,"stat.useItem.minecraft.iron_pickaxe":635,"stat.craftItem.minecraft.wooden_pickaxe":2,"stat.killEntity.Bat":2,"stat.pickup.travelersbackpack.travelers_backpack":1,"stat.pickup.minecraft.wooden_axe":2,"stat.furnaceInteraction":39,"stat.mineBlock.minecraft.rail":1,"stat.mineBlock.minecraft.coal_ore":160,"tombstone:tomb_raiding":1,"stat.killEntity.Creeper":9,"stat.pickup.minecraft.string":25,"stat.pickup.minecraft.beef":11,"stat.pickup.tombstone.crafting_ingredient":5,"stat.craftItem.minecraft.stone_slab2":0,"stat.sprintOneCm":337960,"stat.craftItem.minecraft.stick":32,"stat.craftItem.minecraft.wooden_axe":1,"stat.mineBlock.minecraft.fence":1,"stat.mineBlock.minecraft.crafting_table":3,"stat.deaths":2,"stat.mineBlock.minecraft.planks":2,"stat.drop":13,"stat.playOneMinute":132939,"stat.drop.minecraft.string":2,"stat.craftItem.minecraft.iron_pickaxe":5,"stat.killEntity.Zombie":9,"stat.mineBlock.minecraft.tallgrass":26,"stat.diveOneCm":32257,"stat.useItem.minecraft.stone":3,"stat.pickup.minecraft.gravel":27,"stat.pickup.minecraft.arrow":4,"stat.pickup.dungeontactics.bag_record":2,"stat.craftItem.minecraft.coal":117,"stat.useItem.minecraft.rotten_flesh":1,"stat.jump":1795,"stat.pickup.minecraft.coal":156,"stat.fallOneCm":19112,"stat.pickup.minecraft.gunpowder":5,"stat.crouchOneCm":23727,"stat.pickup.minecraft.rail":6,"stat.pickup.minecraft.spider_eye":3,"stat.craftItem.minecraft.torch":56,"stat.craftItem.minecraft.iron_ingot":38,"stat.pickup.minecraft.dirt":37,"stat.craftItem.minecraft.iron_helmet":1,"stat.craftingTableInteraction":35,"stat.mineBlock.minecraft.log2":46,"stat.damageTaken":1282,"stat.pickup.minecraft.leather":8,"stat.mineBlock.minecraft.torch":3,"stat.useItem.minecraft.wooden_pickaxe":53,"stat.pickup.minecraft.log2":46,"stat.pickup.minecraft.dye":6,"stat.pickup.minecraft.planks":7,"stat.pickup.dungeontactics.bag_book":1,"stat.killEntity.CaveSpider":4,"tombstone:undead_killed":15,"stat.pickup.minecraft.wheat_seeds":3,"stat.useItem.forge.bucketfilled":1,"stat.mineBlock.minecraft.gravel":26,"stat.useItem.minecraft.stone_pickaxe":130,"stat.useItem.minecraft.stone_sword":40,"stat.craftItem.minecraft.iron_leggings":1,"stat.damageDealt":7250,"stat.killEntity.Cow":6,"stat.mineBlock.minecraft.dirt":32,"stat.craftItem.minecraft.iron_sword":1,"stat.pickup.minecraft.record_13":1,"stat.pickup.minecraft.record_11":1,"stat.walkOneCm":428123,"stat.useItem.minecraft.torch":98,"stat.useItem.minecraft.bread":1,"stat.playerKills":1,"stat.pickup.minecraft.crafting_table":3,"stat.useItem.minecraft.cobblestone":49,"stat.craftItem.minecraft.crafting_table":4,"stat.mineBlock.minecraft.double_plant":3,"stat.pickup.minecraft.log":5,"stat.useItem.tombstone.gift":1,"stat.pickup.minecraft.stone":60,"stat.drop.minecraft.sapling":8,"stat.craftItem.minecraft.iron_chestplate":1,"stat.pickup.minecraft.sapling":18,"stat.pickup.minecraft.gold_ingot":1,"stat.killEntity.Skeleton":5,"stat.craftItem.minecraft.planks":44,"stat.useItem.minecraft.iron_sword":123,"stat.killEntity.Spider":4,"stat.mobKills":43,"stat.mineBlock.minecraft.log":5,"stat.pickup.minecraft.torch":6,"stat.pickup.minecraft.red_flower":1,"stat.sneakTime":9775,"stat.craftItem.minecraft.coal_block":14,"stat.drop.minecraft.bucket":3,"stat.useItem.minecraft.wooden_axe":32,"stat.mineBlock.minecraft.stone":521}