{"stat.useItem.minecraft.string":2,"stat.pickup.minecraft.bone":1,"stat.leaveGame":3,"stat.mineBlock.minecraft.cobblestone":9,"stat.swimOneCm":22075,"stat.craftItem.minecraft.shield":1,"stat.mineBlock.minecraft.web":9,"stat.useItem.minecraft.stone_slab2":18,"stat.pickup.forge.bucketfilled":1,"stat.useItem.minecraft.water_bucket":15,"stat.pickup.minecraft.rotten_flesh":9,"stat.craftItem.minecraft.furnace":3,"stat.craftItem.minecraft.iron_boots":1,"stat.craftItem.minecraft.stone_pickaxe":1,"stat.craftItem.minecraft.cooked_beef":11,"stat.pickup.minecraft.cobblestone":233,"stat.pickup.dungeontactics.iron_cluster":55,"stat.craftItem.minecraft.stone_sword":1,"stat.flyOneCm":70760,"stat.useItem.tombstone.scroll_buff":1,"stat.pickup.minecraft.fish":1,"stat.useItem.minecraft.cooked_beef":5,"stat.mineBlock.minecraft.iron_ore":56,"stat.timeSinceDeath":34016,"stat.useItem.minecraft.iron_pickaxe":361,"stat.craftItem.minecraft.wooden_pickaxe":1,"stat.killEntity.Bat":2,"stat.pickup.minecraft.wooden_axe":2,"stat.furnaceInteraction":34,"stat.mineBlock.minecraft.rail":1,"stat.mineBlock.minecraft.coal_ore":141,"stat.killEntity.Creeper":4,"stat.pickup.minecraft.string":14,"stat.pickup.minecraft.beef":11,"stat.pickup.tombstone.crafting_ingredient":5,"stat.craftItem.minecraft.stone_slab2":0,"stat.sprintOneCm":137110,"stat.craftItem.minecraft.stick":20,"stat.craftItem.minecraft.wooden_axe":1,"stat.mineBlock.minecraft.crafting_table":2,"stat.deaths":1,"stat.drop":10,"stat.playOneMinute":69939,"stat.drop.minecraft.string":2,"stat.craftItem.minecraft.iron_pickaxe":2,"stat.killEntity.Zombie":5,"stat.mineBlock.minecraft.tallgrass":12,"stat.diveOneCm":24304,"stat.useItem.minecraft.stone":3,"stat.pickup.minecraft.gravel":14,"stat.pickup.dungeontactics.bag_record":1,"stat.useItem.minecraft.rotten_flesh":1,"stat.jump":774,"stat.pickup.minecraft.coal":140,"stat.fallOneCm":7333,"stat.pickup.minecraft.gunpowder":3,"stat.crouchOneCm":16163,"stat.pickup.minecraft.rail":5,"stat.craftItem.minecraft.torch":28,"stat.craftItem.minecraft.iron_ingot":38,"stat.pickup.minecraft.dirt":17,"stat.craftItem.minecraft.iron_helmet":1,"stat.craftingTableInteraction":24,"stat.mineBlock.minecraft.log2":43,"stat.damageTaken":557,"stat.pickup.minecraft.leather":8,"stat.useItem.minecraft.wooden_pickaxe":22,"stat.pickup.minecraft.log2":43,"tombstone:undead_killed":7,"stat.pickup.minecraft.wheat_seeds":3,"stat.useItem.forge.bucketfilled":1,"stat.mineBlock.minecraft.gravel":18,"stat.useItem.minecraft.stone_pickaxe":130,"stat.useItem.minecraft.stone_sword":40,"stat.craftItem.minecraft.iron_leggings":1,"stat.damageDealt":3342,"stat.killEntity.Cow":6,"stat.mineBlock.minecraft.dirt":12,"stat.craftItem.minecraft.iron_sword":1,"stat.pickup.minecraft.record_11":1,"stat.walkOneCm":243599,"stat.useItem.minecraft.torch":55,"stat.pickup.minecraft.crafting_table":2,"stat.useItem.minecraft.cobblestone":45,"stat.craftItem.minecraft.crafting_table":2,"stat.mineBlock.minecraft.double_plant":2,"stat.pickup.minecraft.log":5,"stat.pickup.minecraft.stone":39,"stat.drop.minecraft.sapling":8,"stat.craftItem.minecraft.iron_chestplate":1,"stat.pickup.minecraft.sapling":18,"stat.killEntity.Skeleton":1,"stat.craftItem.minecraft.planks":32,"stat.useItem.minecraft.iron_sword":26,"stat.killEntity.Spider":2,"stat.mobKills":21,"stat.mineBlock.minecraft.log":5,"stat.pickup.minecraft.torch":2,"stat.sneakTime":5979,"stat.useItem.minecraft.wooden_axe":32,"stat.mineBlock.minecraft.stone":296}