{"stat.useItem.minecraft.string":2,"stat.pickup.minecraft.tripwire_hook":1,"stat.pickup.minecraft.bone":26,"stat.craftItem.minecraft.acacia_boat":1,"stat.horseOneCm":315590,"stat.leaveGame":8,"stat.mineBlock.minecraft.cobblestone":13,"stat.pickup.minecraft.flint":1,"stat.drop.minecraft.redstone":2,"stat.pickup.tombstone.familiar_stone":7,"stat.mineBlock.minecraft.sandstone":12,"stat.pickup.minecraft.fishing_rod":5,"stat.swimOneCm":92639,"stat.craftItem.minecraft.shield":1,"stat.pickup.minecraft.enchanted_book":2,"stat.useItem.minecraft.planks":5,"stat.mineBlock.minecraft.web":22,"stat.pickup.dungeontactics.copper_cluster":1,"stat.craftItem.minecraft.saddle":1,"stat.drop.minecraft.cobblestone":1,"stat.useItem.minecraft.dirt":9,"stat.useItem.minecraft.stone_slab2":46,"stat.pickup.forge.bucketfilled":1,"stat.killEntity.Piranha":3,"stat.useItem.minecraft.water_bucket":41,"stat.pickup.minecraft.rotten_flesh":107,"stat.pickup.minecraft.sand":22,"stat.craftItem.minecraft.furnace":6,"stat.useItem.minecraft.egg":1,"stat.craftItem.minecraft.iron_boots":1,"stat.drop.minecraft.leather_boots":1,"stat.pickup.minecraft.bucket":5,"stat.craftItem.minecraft.stone_pickaxe":1,"stat.craftItem.minecraft.cooked_beef":11,"stat.pickup.minecraft.cobblestone":1113,"stat.pickup.minecraft.leather_boots":6,"stat.pickup.dungeontactics.iron_cluster":125,"stat.craftItem.minecraft.stone_sword":1,"stat.flyOneCm":716080,"stat.useItem.tombstone.scroll_buff":1,"stat.pickup.minecraft.sandstone":9,"stat.killEntity.ZombieHorse":2,"stat.mineBlock.minecraft.sand":14,"stat.craftItem.ic2.ingot":4,"stat.pickup.minecraft.fish":67,"stat.killEntity.Witch":1,"stat.drop.minecraft.wheat_seeds":5,"stat.useItem.minecraft.cooked_beef":11,"stat.craftItem.toughasnails.charcoal_filter":3,"stat.pickup.minecraft.redstone":2,"stat.pickup.minecraft.acacia_boat":1,"stat.mineBlock.minecraft.iron_ore":124,"stat.timeSinceDeath":25644,"stat.pickup.dungeontactics.magic_scroll":1,"stat.useItem.minecraft.iron_pickaxe":1541,"stat.craftItem.minecraft.wooden_pickaxe":2,"stat.killEntity.Bat":2,"stat.craftItem.minecraft.bed":1,"stat.pickup.travelersbackpack.travelers_backpack":6,"stat.pickup.minecraft.wooden_axe":2,"stat.furnaceInteraction":70,"stat.mineBlock.minecraft.rail":1,"stat.mineBlock.minecraft.coal_ore":179,"tombstone:tomb_raiding":2,"stat.killEntity.Creeper":9,"stat.talkedToVillager":197,"stat.pickup.minecraft.string":26,"stat.pickup.minecraft.beef":37,"stat.useItem.minecraft.cooked_mutton":2,"stat.pickup.tombstone.crafting_ingredient":9,"stat.craftItem.minecraft.stone_slab2":0,"stat.pickup.tombstone.lost_tablet":5,"stat.sprintOneCm":539932,"stat.drop.minecraft.fishing_rod":2,"stat.mineBlock.minecraft.stone_slab":1,"stat.craftItem.minecraft.stick":40,"stat.craftItem.minecraft.wooden_axe":1,"stat.pickup.tombstone.magic_scroll":4,"stat.pickup.mca.rose_gold_ore":21,"stat.useItem.tombstone.magic_scroll":1,"stat.craftItem.toughasnails.canteen":4,"stat.mineBlock.minecraft.fence":1,"stat.mineBlock.minecraft.crafting_table":3,"stat.killEntity.Husk":12,"stat.pickup.dungeontactics.bag_arbour":1,"stat.pickup.dungeontactics.fish_lung":7,"stat.deaths":6,"stat.mineBlock.minecraft.planks":2,"stat.pickup.minecraft.bowl":1,"stat.drop":31,"stat.pickup.minecraft.egg":17,"stat.useItem.dungeontactics.fish_swift":3,"stat.playOneMinute":311858,"stat.drop.minecraft.string":2,"stat.drop.tombstone.grave_key":1,"stat.pickup.tombstone.grave_key":1,"stat.craftItem.minecraft.iron_pickaxe":9,"stat.mineBlock.ic2.foam":6,"stat.killEntity.Zombie":21,"stat.pickup.dungeontactics.magic_powder":1,"stat.pickup.dungeontactics.fish_lava":3,"stat.mineBlock.minecraft.tallgrass":55,"stat.fishCaught":1,"stat.craftItem.minecraft.cooked_mutton":2,"stat.diveOneCm":263764,"stat.pickup.dungeontactics.bag_food":2,"stat.chestOpened":32,"stat.pickup.dungeontactics.magic_pouch":2,"stat.useItem.minecraft.stone":21,"stat.pickup.minecraft.gravel":27,"stat.pickup.minecraft.arrow":17,"stat.pickup.minecraft.stone_axe":2,"stat.useItem.dungeontactics.iron_cutlass":18,"stat.pickup.dungeontactics.tin_cluster":4,"stat.pickup.dungeontactics.bag_record":2,"stat.craftItem.minecraft.coal":129,"stat.useItem.minecraft.rotten_flesh":1,"stat.drop.tombstone.lost_tablet":1,"stat.jump":4694,"stat.useItem.minecraft.sand":5,"stat.pickup.minecraft.coal":169,"stat.pickup.minecraft.cooked_chicken":8,"stat.fallOneCm":93336,"stat.pickup.minecraft.iron_ingot":1,"stat.drop.minecraft.stone":1,"stat.pickup.minecraft.carrot":2,"stat.pickup.minecraft.gunpowder":5,"stat.crouchOneCm":52946,"stat.pickup.minecraft.rail":6,"stat.pickup.minecraft.spider_eye":3,"stat.craftItem.minecraft.torch":56,"stat.craftItem.minecraft.iron_ingot":59,"stat.pickup.dungeontactics.bag_potion":1,"stat.pickup.minecraft.dirt":120,"stat.craftItem.minecraft.iron_helmet":1,"stat.useItem.minecraft.cooked_chicken":6,"stat.craftingTableInteraction":52,"stat.mineBlock.mca.rose_gold_ore":21,"stat.boatOneCm":89006,"stat.mineBlock.minecraft.lapis_ore":1,"stat.mineBlock.ic2.resource":7,"stat.mineBlock.minecraft.log2":46,"stat.pickup.minecraft.wooden_pickaxe":2,"stat.damageTaken":4564,"stat.pickup.minecraft.leather":26,"stat.pickup.dungeontactics.iron_shield":1,"stat.mineBlock.minecraft.torch":3,"stat.useItem.minecraft.wooden_pickaxe":53,"stat.useItem.minecraft.reeds":8,"stat.craftItem.mca.rose_gold_ingot":21,"stat.pickup.minecraft.log2":46,"stat.pickup.minecraft.dye":11,"stat.pickup.minecraft.planks":7,"stat.pickup.dungeontactics.bag_book":2,"stat.pickup.minecraft.reeds":28,"stat.killEntity.CaveSpider":4,"stat.pickup.minecraft.bed":1,"tombstone:undead_killed":43,"stat.pickup.minecraft.wheat_seeds":12,"stat.useItem.forge.bucketfilled":1,"stat.useItem.dungeontactics.fish_flying":1,"stat.mineBlock.minecraft.gravel":40,"stat.useItem.minecraft.stone_pickaxe":130,"stat.useItem.minecraft.stone_sword":40,"stat.craftItem.minecraft.iron_leggings":1,"stat.damageDealt":15348,"stat.drop.minecraft.cooked_chicken":2,"stat.sleepInBed":6,"stat.killEntity.Cow":20,"stat.mineBlock.minecraft.dirt":68,"stat.craftItem.minecraft.iron_sword":2,"stat.pickup.minecraft.record_13":1,"stat.pickup.minecraft.record_11":1,"stat.walkOneCm":802367,"stat.useItem.minecraft.torch":102,"stat.useItem.minecraft.bread":5,"stat.pickup.minecraft.golden_apple":6,"stat.playerKills":5,"stat.pickup.minecraft.stick":3,"stat.pickup.minecraft.crafting_table":3,"stat.useItem.minecraft.cobblestone":119,"stat.craftItem.minecraft.crafting_table":8,"stat.mineBlock.minecraft.double_plant":3,"stat.pickup.minecraft.log":5,"stat.useItem.tombstone.gift":3,"stat.pickup.dungeontactics.fish_swift":3,"stat.craftItem.minecraft.gold_ingot":8,"stat.pickup.minecraft.stone":152,"stat.drop.minecraft.sapling":9,"stat.craftItem.minecraft.iron_chestplate":1,"stat.pickup.minecraft.sapling":20,"stat.pickup.dungeontactics.bag_tool":2,"stat.pickup.minecraft.gold_ingot":1,"stat.killEntity.Skeleton":7,"stat.craftItem.minecraft.planks":76,"stat.useItem.minecraft.iron_sword":313,"stat.pickup.mca.book_infection":2,"stat.useItem.minecraft.acacia_boat":2,"stat.killEntity.Spider":4,"stat.pickup.dungeontactics.fish_flying":5,"stat.pickup.dungeontactics.lead_cluster":1,"stat.mobKills":91,"stat.mineBlock.minecraft.log":5,"stat.craftItem.minecraft.shears":1,"stat.craftItem.minecraft.cooked_chicken":9,"stat.useItem.minecraft.golden_apple":6,"stat.pickup.minecraft.torch":8,"stat.pickup.dungeontactics.fish_tunnel":7,"stat.pickup.minecraft.red_flower":2,"stat.mineBlock.minecraft.redstone_ore":1,"stat.sneakTime":17380,"stat.pickup.minecraft.wool":19,"stat.pickup.minecraft.rabbit":1,"stat.craftItem.minecraft.coal_block":14,"stat.drop.minecraft.bucket":3,"stat.drop.mca.book_infection":1,"stat.useItem.minecraft.wooden_axe":32,"stat.pickup.minecraft.yellow_flower":2,"stat.mineBlock.minecraft.stone":1320,"stat.useItem.minecraft.fishing_rod":4,"stat.craftItem.mca.wedding_ring_rg":1}