{"stat.useItem.minecraft.string":2,"stat.useItem.minecraft.stone":3,"stat.leaveGame":3,"stat.pickup.minecraft.gravel":10,"stat.mineBlock.minecraft.cobblestone":2,"stat.jump":600,"stat.swimOneCm":13204,"stat.pickup.minecraft.coal":90,"stat.fallOneCm":7064,"stat.mineBlock.minecraft.web":7,"stat.pickup.minecraft.gunpowder":1,"stat.crouchOneCm":10632,"stat.pickup.minecraft.rail":1,"stat.craftItem.minecraft.torch":28,"stat.craftItem.minecraft.iron_ingot":3,"stat.pickup.minecraft.dirt":17,"stat.useItem.minecraft.stone_slab2":15,"stat.pickup.forge.bucketfilled":1,"stat.useItem.minecraft.water_bucket":3,"stat.craftingTableInteraction":13,"stat.pickup.minecraft.rotten_flesh":3,"stat.craftItem.minecraft.furnace":1,"stat.mineBlock.minecraft.log2":43,"stat.damageTaken":353,"stat.pickup.minecraft.leather":8,"stat.craftItem.minecraft.stone_pickaxe":1,"stat.useItem.minecraft.wooden_pickaxe":22,"stat.craftItem.minecraft.cooked_beef":11,"stat.pickup.minecraft.cobblestone":171,"stat.pickup.minecraft.log2":43,"stat.pickup.dungeontactics.iron_cluster":30,"stat.craftItem.minecraft.stone_sword":1,"stat.flyOneCm":61678,"stat.useItem.tombstone.scroll_buff":1,"tombstone:undead_killed":2,"stat.pickup.minecraft.wheat_seeds":3,"stat.useItem.forge.bucketfilled":1,"stat.pickup.minecraft.fish":1,"stat.mineBlock.minecraft.gravel":14,"stat.useItem.minecraft.stone_pickaxe":130,"stat.useItem.minecraft.cooked_beef":3,"stat.useItem.minecraft.stone_sword":25,"stat.damageDealt":1583,"stat.mineBlock.minecraft.iron_ore":31,"stat.timeSinceDeath":9245,"stat.killEntity.Cow":6,"stat.mineBlock.minecraft.dirt":12,"stat.useItem.minecraft.iron_pickaxe":202,"stat.craftItem.minecraft.wooden_pickaxe":1,"stat.killEntity.Bat":1,"stat.walkOneCm":138559,"stat.useItem.minecraft.torch":28,"stat.pickup.minecraft.wooden_axe":2,"stat.pickup.minecraft.crafting_table":2,"stat.useItem.minecraft.cobblestone":36,"stat.furnaceInteraction":11,"stat.craftItem.minecraft.crafting_table":1,"stat.mineBlock.minecraft.rail":1,"stat.mineBlock.minecraft.double_plant":2,"stat.mineBlock.minecraft.coal_ore":91,"stat.killEntity.Creeper":2,"stat.pickup.minecraft.log":5,"stat.pickup.minecraft.string":10,"stat.pickup.minecraft.beef":11,"stat.pickup.tombstone.crafting_ingredient":2,"stat.craftItem.minecraft.stone_slab2":0,"stat.pickup.minecraft.stone":29,"stat.drop.minecraft.sapling":8,"stat.pickup.minecraft.sapling":18,"stat.sprintOneCm":48493,"stat.craftItem.minecraft.stick":16,"stat.craftItem.minecraft.wooden_axe":1,"stat.craftItem.minecraft.planks":32,"stat.mineBlock.minecraft.crafting_table":2,"stat.mobKills":11,"stat.mineBlock.minecraft.log":5,"stat.deaths":1,"stat.drop":10,"stat.playOneMinute":45168,"stat.pickup.minecraft.torch":1,"stat.drop.minecraft.string":2,"stat.sneakTime":4342,"stat.craftItem.minecraft.iron_pickaxe":1,"stat.killEntity.Zombie":1,"stat.useItem.minecraft.wooden_axe":32,"stat.mineBlock.minecraft.stone":219,"stat.mineBlock.minecraft.tallgrass":12,"stat.diveOneCm":24157}