{"stat.chestOpened":1,"stat.pickup.minecraft.double_plant":1,"stat.walkOneCm":117665,"stat.craftItem.minecraft.bed":1,"stat.drop.tombstone.crafting_ingredient":1,"stat.leaveGame":1,"stat.pickup.minecraft.crafting_table":2,"stat.craftItem.minecraft.crafting_table":1,"stat.furnaceInteraction":5,"stat.mineBlock.minecraft.coal_ore":18,"stat.talkedToVillager":140,"stat.pickup.minecraft.log":5,"stat.jump":1187,"stat.swimOneCm":11220,"stat.pickup.minecraft.coal":18,"stat.fallOneCm":25883,"stat.climbOneCm":428,"stat.useItem.minecraft.planks":6,"stat.pickup.minecraft.beef":28,"stat.useItem.tombstone.gift":1,"stat.pickup.minecraft.furnace":1,"stat.useItem.minecraft.cooked_mutton":5,"stat.useItem.minecraft.stone_axe":54,"stat.craftItem.minecraft.stone_slab2":0,"stat.pickup.minecraft.porkchop":1,"stat.crouchOneCm":2460,"stat.pickup.minecraft.sapling":8,"stat.pickup.minecraft.dirt":5,"stat.useItem.minecraft.dirt":4,"stat.sprintOneCm":117185,"stat.useItem.minecraft.stone_slab2":10,"stat.pickup.minecraft.apple":1,"stat.craftItem.minecraft.stick":16,"stat.craftingTableInteraction":8,"stat.pickup.minecraft.rotten_flesh":4,"stat.craftItem.minecraft.furnace":1,"stat.useItem.minecraft.sapling":7,"stat.craftItem.minecraft.planks":176,"stat.craftItem.minecraft.stone_axe":1,"stat.mineBlock.minecraft.log2":38,"stat.damageTaken":637,"stat.mineBlock.minecraft.crafting_table":2,"stat.pickup.minecraft.leather":16,"stat.craftItem.minecraft.stone_pickaxe":1,"stat.mineBlock.minecraft.furnace":1,"stat.useItem.minecraft.wooden_pickaxe":20,"stat.pickup.minecraft.cobblestone":39,"stat.mobKills":22,"stat.pickup.minecraft.log2":39,"stat.mineBlock.minecraft.log":5,"stat.pickup.minecraft.planks":9,"stat.pickup.minecraft.reeds":45,"stat.flyOneCm":313746,"stat.pickup.minecraft.bed":2,"stat.deaths":2,"stat.mineBlock.minecraft.planks":7,"stat.drop":3,"stat.pickup.minecraft.wheat_seeds":4,"stat.mineBlock.minecraft.leaves":1,"stat.playOneMinute":63393,"stat.drop.minecraft.wheat_seeds":1,"stat.killEntity.Sheep":7,"stat.useItem.minecraft.stone_pickaxe":43,"stat.sneakTime":1806,"stat.pickup.minecraft.wool":7,"stat.damageDealt":2549,"stat.sleepInBed":2,"stat.timeSinceDeath":14492,"stat.drop.minecraft.bread":1,"stat.killEntity.Cow":14,"stat.mineBlock.minecraft.dirt":5,"stat.craftItem.minecraft.wooden_pickaxe":1,"stat.mineBlock.minecraft.stone":39,"stat.killEntity.Pig":1,"stat.mineBlock.minecraft.tallgrass":11,"stat.craftItem.minecraft.cooked_mutton":5,"stat.diveOneCm":26767,"stat.pickup.minecraft.mutton":10}