{"stat.chestOpened":2,"stat.leaveGame":2,"stat.jump":1238,"stat.swimOneCm":11220,"stat.pickup.minecraft.coal":18,"stat.fallOneCm":26301,"stat.climbOneCm":428,"stat.useItem.minecraft.planks":6,"stat.craftItem.minecraft.shield":1,"stat.useItem.minecraft.stone_axe":57,"stat.pickup.minecraft.porkchop":1,"stat.crouchOneCm":2591,"stat.pickup.minecraft.dirt":6,"stat.useItem.minecraft.dirt":4,"stat.useItem.minecraft.stone_slab2":13,"stat.craftingTableInteraction":13,"stat.pickup.minecraft.rotten_flesh":6,"stat.craftItem.minecraft.furnace":1,"stat.useItem.minecraft.sapling":7,"stat.craftItem.minecraft.stone_axe":1,"stat.mineBlock.minecraft.log2":38,"stat.damageTaken":637,"stat.pickup.minecraft.leather":16,"stat.craftItem.minecraft.stone_pickaxe":1,"stat.mineBlock.minecraft.furnace":1,"stat.useItem.minecraft.wooden_pickaxe":20,"stat.pickup.minecraft.cobblestone":39,"stat.pickup.minecraft.log2":39,"stat.pickup.minecraft.planks":9,"stat.pickup.minecraft.reeds":45,"stat.flyOneCm":322160,"stat.pickup.minecraft.bed":3,"tombstone:undead_killed":1,"stat.pickup.minecraft.wheat_seeds":4,"stat.drop.minecraft.wheat_seeds":4,"stat.useItem.minecraft.stone_pickaxe":43,"stat.damageDealt":2634,"stat.sleepInBed":2,"stat.timeSinceDeath":23981,"stat.killEntity.Cow":14,"stat.mineBlock.minecraft.dirt":5,"stat.craftItem.minecraft.wooden_pickaxe":1,"stat.killEntity.Pig":1,"stat.pickup.minecraft.mutton":10,"stat.craftItem.minecraft.iron_sword":1,"stat.pickup.minecraft.double_plant":1,"stat.walkOneCm":133172,"stat.craftItem.minecraft.bed":1,"stat.useItem.minecraft.bread":1,"stat.drop.tombstone.crafting_ingredient":1,"stat.pickup.minecraft.crafting_table":2,"stat.craftItem.minecraft.crafting_table":1,"stat.furnaceInteraction":14,"stat.mineBlock.minecraft.coal_ore":18,"stat.talkedToVillager":140,"stat.pickup.minecraft.log":5,"stat.pickup.minecraft.beef":28,"stat.useItem.tombstone.gift":1,"stat.pickup.minecraft.furnace":1,"stat.useItem.minecraft.cooked_mutton":7,"stat.craftItem.minecraft.stone_slab2":0,"stat.pickup.minecraft.sapling":8,"stat.sprintOneCm":133217,"stat.pickup.minecraft.apple":1,"stat.craftItem.minecraft.stick":16,"stat.craftItem.minecraft.planks":176,"stat.mineBlock.minecraft.crafting_table":2,"stat.mobKills":23,"stat.mineBlock.minecraft.log":5,"stat.deaths":2,"stat.mineBlock.minecraft.planks":7,"stat.drop":4,"stat.mineBlock.minecraft.leaves":1,"stat.playOneMinute":72882,"stat.killEntity.Sheep":7,"stat.sneakTime":1900,"stat.craftItem.minecraft.iron_pickaxe":1,"stat.pickup.minecraft.wool":7,"stat.killEntity.Zombie":1,"stat.drop.minecraft.bread":1,"stat.mineBlock.minecraft.stone":39,"stat.mineBlock.minecraft.tallgrass":11,"stat.craftItem.minecraft.cooked_mutton":10,"stat.diveOneCm":26767}