{"stat.leaveGame":6,"stat.useItem.mts.mtsofficialpack.e500_blackred":3,"stat.swimOneCm":11220,"stat.climbOneCm":428,"stat.useItem.minecraft.planks":6,"stat.craftItem.minecraft.shield":1,"stat.pickup.mts.mtsofficialpack.carseat_black":1,"stat.pickup.minecraft.porkchop":3,"stat.useItem.minecraft.dirt":4,"stat.useItem.minecraft.stone_slab2":15,"stat.pickup.minecraft.rotten_flesh":6,"stat.pickup.minecraft.sand":17,"stat.craftItem.minecraft.furnace":1,"stat.craftItem.minecraft.stone_axe":1,"stat.craftItem.minecraft.stone_pickaxe":1,"stat.pickup.minecraft.cobblestone":51,"stat.flyOneCm":680593,"stat.drop.minecraft.wheat_seeds":4,"stat.timeSinceDeath":74055,"stat.craftItem.minecraft.wooden_pickaxe":1,"stat.pickup.minecraft.mutton":10,"stat.pickup.minecraft.double_plant":6,"stat.craftItem.minecraft.bed":1,"stat.useItem.mts.mtsofficialpack.scout_black":3,"stat.furnaceInteraction":14,"stat.mineBlock.minecraft.coal_ore":18,"stat.talkedToVillager":141,"stat.pickup.minecraft.beef":28,"stat.pickup.minecraft.furnace":1,"stat.useItem.minecraft.cooked_mutton":7,"stat.craftItem.minecraft.stone_slab2":0,"stat.sprintOneCm":138588,"stat.craftItem.minecraft.stick":16,"stat.mineBlock.minecraft.crafting_table":2,"stat.deaths":2,"stat.mineBlock.minecraft.planks":7,"stat.drop":6,"stat.pickup.minecraft.egg":1,"stat.playOneMinute":122956,"stat.killEntity.Sheep":7,"stat.craftItem.minecraft.iron_pickaxe":1,"stat.killEntity.Zombie":1,"stat.drop.minecraft.bread":1,"stat.useItem.securitycraft.camera_monitor":3,"stat.mineBlock.minecraft.tallgrass":11,"stat.craftItem.minecraft.cooked_mutton":10,"stat.diveOneCm":26767,"stat.chestOpened":2,"stat.jump":1315,"stat.pickup.minecraft.coal":18,"stat.fallOneCm":26301,"stat.useItem.minecraft.stone_axe":57,"stat.crouchOneCm":3899,"stat.pickup.minecraft.dirt":27,"stat.craftingTableInteraction":13,"stat.useItem.mts.mtsofficialpack.bell47g_black":1,"stat.useItem.minecraft.sapling":7,"stat.mineBlock.minecraft.log2":38,"stat.damageTaken":637,"stat.pickup.minecraft.leather":16,"stat.mineBlock.minecraft.furnace":1,"stat.useItem.minecraft.wooden_pickaxe":20,"stat.pickup.minecraft.log2":39,"stat.pickup.minecraft.planks":9,"stat.pickup.minecraft.reeds":45,"stat.pickup.minecraft.bed":3,"tombstone:undead_killed":7,"stat.pickup.minecraft.wheat_seeds":7,"stat.useItem.minecraft.stone_pickaxe":43,"stat.damageDealt":2644,"stat.sleepInBed":2,"stat.drop.mca.engagement_ring":1,"stat.killEntity.Cow":14,"stat.mineBlock.minecraft.dirt":5,"stat.killEntity.Pig":1,"stat.craftItem.minecraft.iron_sword":1,"stat.walkOneCm":189645,"stat.useItem.minecraft.bread":1,"stat.drop.tombstone.crafting_ingredient":1,"stat.drop.minecraft.porkchop":2,"stat.pickup.minecraft.crafting_table":2,"stat.craftItem.minecraft.crafting_table":1,"stat.pickup.minecraft.log":5,"stat.useItem.tombstone.gift":1,"stat.pickup.minecraft.sapling":8,"stat.pickup.minecraft.apple":1,"stat.craftItem.minecraft.planks":176,"stat.mobKills":37,"stat.mineBlock.minecraft.log":5,"stat.mineBlock.minecraft.leaves":1,"stat.sneakTime":2428,"stat.pickup.minecraft.wool":7,"stat.mineBlock.minecraft.stone":39}