{"stat.leaveGame":8,"stat.useItem.mts.mtsofficialpack.e500_blackred":7,"stat.useItem.mts.mtsofficialpack.fordmustang69_red":1,"stat.pickup.mts.mtsofficialpack.wheelmedium":4,"stat.swimOneCm":11674,"stat.climbOneCm":428,"stat.useItem.minecraft.planks":6,"stat.craftItem.minecraft.shield":1,"stat.pickup.mts.mtsofficialpack.carseat_black":3,"stat.pickup.minecraft.porkchop":3,"stat.useItem.minecraft.dirt":77,"stat.useItem.minecraft.stone_slab2":40,"stat.pickup.minecraft.rotten_flesh":6,"stat.pickup.minecraft.sand":23,"stat.craftItem.minecraft.furnace":1,"stat.craftItem.minecraft.stone_axe":1,"stat.craftItem.minecraft.stone_pickaxe":1,"stat.pickup.minecraft.cobblestone":51,"stat.useItem.securitycraft.security_camera":7,"stat.flyOneCm":838146,"stat.pickup.minecraft.sandstone":12,"stat.drop.minecraft.wheat_seeds":4,"stat.timeSinceDeath":127348,"stat.craftItem.minecraft.wooden_pickaxe":1,"stat.pickup.minecraft.mutton":10,"stat.pickup.minecraft.double_plant":6,"stat.craftItem.minecraft.bed":1,"stat.useItem.mts.mtsofficialpack.scout_black":3,"stat.furnaceInteraction":14,"stat.mineBlock.minecraft.coal_ore":18,"stat.talkedToVillager":153,"stat.pickup.minecraft.beef":28,"stat.pickup.minecraft.furnace":1,"stat.useItem.minecraft.cooked_mutton":7,"stat.craftItem.minecraft.stone_slab2":0,"stat.sprintOneCm":150173,"stat.craftItem.minecraft.stick":16,"stat.pickup.mts.mtsofficialpack.engineamci4":1,"stat.useItem.minecraft.flint_and_steel":1,"stat.mineBlock.minecraft.crafting_table":2,"stat.deaths":2,"stat.mineBlock.minecraft.planks":7,"stat.drop":6,"stat.pickup.minecraft.egg":1,"stat.playOneMinute":176249,"stat.killEntity.Sheep":7,"stat.craftItem.minecraft.iron_pickaxe":1,"stat.killEntity.Zombie":1,"stat.drop.minecraft.bread":1,"stat.useItem.securitycraft.camera_monitor":10,"stat.mineBlock.minecraft.tallgrass":11,"stat.craftItem.minecraft.cooked_mutton":10,"stat.diveOneCm":26767,"stat.chestOpened":3,"stat.jump":1375,"stat.useItem.minecraft.sand":45,"stat.pickup.minecraft.coal":18,"stat.fallOneCm":26301,"stat.useItem.minecraft.stone_axe":57,"stat.crouchOneCm":4047,"stat.pickup.minecraft.dirt":34,"stat.craftingTableInteraction":13,"stat.useItem.mts.mtsofficialpack.bell47g_black":3,"stat.useItem.minecraft.sapling":7,"stat.mineBlock.minecraft.log2":38,"stat.damageTaken":637,"stat.pickup.minecraft.leather":16,"stat.mineBlock.minecraft.furnace":1,"stat.useItem.minecraft.wooden_pickaxe":20,"stat.pickup.minecraft.log2":39,"stat.pickup.minecraft.planks":16,"stat.pickup.minecraft.reeds":45,"stat.pickup.minecraft.bed":3,"tombstone:undead_killed":7,"stat.pickup.minecraft.wheat_seeds":7,"stat.pickup.minecraft.oak_stairs":3,"stat.useItem.minecraft.stone_pickaxe":43,"stat.damageDealt":2874,"stat.sleepInBed":2,"stat.drop.mca.engagement_ring":1,"stat.killEntity.Cow":14,"stat.mineBlock.minecraft.dirt":5,"stat.killEntity.Pig":1,"stat.craftItem.minecraft.iron_sword":1,"stat.walkOneCm":251652,"stat.useItem.minecraft.bread":1,"stat.drop.tombstone.crafting_ingredient":1,"stat.drop.minecraft.porkchop":2,"stat.pickup.minecraft.crafting_table":2,"stat.craftItem.minecraft.crafting_table":1,"stat.useItem.mts.mtsofficialpack.ft17_olive":1,"stat.useItem.mts.mtsofficialpack.gmcbrig_blue":1,"stat.pickup.minecraft.log":5,"stat.useItem.tombstone.gift":1,"stat.pickup.ic2.upgrade":64,"stat.pickup.minecraft.sapling":11,"stat.pickup.minecraft.apple":1,"stat.craftItem.minecraft.planks":176,"stat.mobKills":37,"stat.mineBlock.minecraft.log":5,"stat.mineBlock.minecraft.leaves":1,"stat.sneakTime":3210,"stat.pickup.minecraft.wool":7,"stat.mineBlock.minecraft.stone":39,"stat.useItem.minecraft.sandstone":31}