{"stat.chestOpened":2,"stat.mineBlock.minecraft.mossy_cobblestone":1,"stat.pickup.minecraft.wooden_slab":8,"stat.useItem.minecraft.stone":1,"stat.leaveGame":3,"stat.pickup.minecraft.arrow":3,"stat.mineBlock.minecraft.cobblestone":9,"stat.pickup.minecraft.stone_axe":2,"stat.mineBlock.minecraft.yellow_flower":2,"stat.useItem.minecraft.rotten_flesh":8,"stat.swimOneCm":762,"stat.jump":469,"stat.pickup.minecraft.coal":21,"stat.fallOneCm":8012,"stat.useItem.minecraft.stone_axe":7,"stat.crouchOneCm":1303,"stat.craftItem.minecraft.iron_ingot":26,"stat.pickup.minecraft.dirt":3,"stat.useItem.minecraft.dirt":1,"stat.useItem.minecraft.stone_slab2":10,"stat.useItem.minecraft.cooked_chicken":5,"stat.craftingTableInteraction":9,"stat.pickup.minecraft.iron_ore":40,"stat.pickup.minecraft.rotten_flesh":1,"stat.craftItem.minecraft.furnace":1,"stat.entityKilledBy.Spider":1,"stat.useItem.minecraft.egg":4,"stat.craftItem.minecraft.stone_axe":1,"stat.craftItem.minecraft.iron_boots":1,"stat.pickup.minecraft.wooden_pickaxe":2,"stat.damageTaken":675,"stat.pickup.minecraft.leather":1,"stat.pickup.minecraft.feather":27,"stat.pickup.minecraft.record_cat":2,"stat.craftItem.minecraft.stone_pickaxe":1,"stat.mineBlock.minecraft.furnace":2,"stat.useItem.minecraft.wooden_pickaxe":38,"stat.pickup.minecraft.cobblestone":276,"stat.pickup.minecraft.planks":45,"stat.flyOneCm":56473,"tombstone:undead_killed":2,"stat.pickup.minecraft.wheat_seeds":31,"stat.drop.tombstone.gift":1,"stat.drop.minecraft.wheat_seeds":1,"stat.useItem.minecraft.stone_pickaxe":131,"stat.craftItem.minecraft.wooden_slab":6,"stat.craftItem.minecraft.iron_leggings":1,"stat.damageDealt":1746,"stat.mineBlock.minecraft.iron_ore":40,"stat.timeSinceDeath":6628,"stat.mineBlock.minecraft.dirt":3,"stat.useItem.minecraft.crafting_table":1,"stat.useItem.minecraft.iron_pickaxe":59,"stat.craftItem.minecraft.wooden_pickaxe":1,"stat.useItem.minecraft.wooden_slab":2,"stat.pickup.minecraft.mutton":7,"stat.pickup.minecraft.mossy_cobblestone":3,"stat.pickup.minecraft.record_13":2,"stat.walkOneCm":97125,"stat.pickup.minecraft.wooden_axe":2,"stat.pickup.minecraft.crafting_table":6,"stat.useItem.minecraft.cobblestone":16,"stat.craftItem.minecraft.crafting_table":1,"stat.furnaceInteraction":10,"stat.mineBlock.minecraft.double_plant":4,"stat.mineBlock.minecraft.coal_ore":21,"stat.pickup.minecraft.log":15,"stat.pickup.minecraft.iron_pickaxe":1,"stat.pickup.minecraft.furnace":2,"stat.useItem.minecraft.cooked_mutton":7,"stat.craftItem.minecraft.stone_slab2":0,"stat.pickup.minecraft.stone":54,"stat.drop.minecraft.sapling":1,"stat.craftItem.minecraft.iron_chestplate":1,"stat.pickup.minecraft.chicken":5,"stat.pickup.minecraft.sapling":1,"stat.sprintOneCm":18901,"stat.drop.minecraft.leather":1,"stat.craftItem.minecraft.stick":12,"stat.craftItem.minecraft.wooden_axe":1,"stat.pickup.tombstone.magic_scroll":2,"stat.killEntity.Horse":2,"stat.craftItem.minecraft.planks":40,"stat.killEntity.Chicken":5,"stat.mineBlock.minecraft.crafting_table":4,"stat.pickup.minecraft.golden_horse_armor":2,"stat.mobKills":15,"stat.mineBlock.minecraft.log":5,"stat.craftItem.minecraft.cooked_chicken":5,"stat.deaths":2,"stat.drop":4,"stat.pickup.minecraft.egg":4,"stat.playOneMinute":37264,"stat.killEntity.Sheep":4,"stat.sneakTime":798,"stat.craftItem.minecraft.iron_pickaxe":1,"stat.pickup.minecraft.wool":12,"stat.useItem.minecraft.wooden_axe":34,"stat.pickup.minecraft.yellow_flower":6,"stat.mineBlock.minecraft.stone":155,"stat.mineBlock.minecraft.tallgrass":25,"stat.craftItem.minecraft.cooked_mutton":7,"stat.pickup.minecraft.wheat":4}