{
  "tombstone:tutorial/root": {
    "criteria": {
      "auto": "2024-08-06 01:23:08 +0000"
    },
    "done": true
  },
  "minecraft:recipes/building_blocks/andesite": {
    "criteria": {
      "has_stone": "2024-08-06 01:33:06 +0000"
    },
    "done": true
  },
  "minecraft:recipes/building_blocks/polished_diorite": {
    "criteria": {
      "has_stone": "2024-08-06 01:33:06 +0000"
    },
    "done": true
  },
  "minecraft:adventure/adventuring_time": {
    "criteria": {
      "plains": "2024-08-06 01:23:08 +0000"
    },
    "done": false
  }
}