{
  "minecraft:adventure/root": {
    "criteria": {
      "killed_something": "2024-08-05 14:07:49 +0000"
    },
    "done": true
  },
  "minecraft:adventure/kill_a_mob": {
    "criteria": {
      "husk": "2024-08-05 14:07:49 +0000"
    },
    "done": true
  },
  "minecraft:recipes/building_blocks/dark_oak_planks": {
    "criteria": {
      "has_log2": "2024-08-05 13:54:57 +0000"
    },
    "done": true
  },
  "minecraft:adventure/kill_all_mobs": {
    "criteria": {
      "husk": "2024-08-05 14:07:49 +0000"
    },
    "done": false
  },
  "minecraft:adventure/adventuring_time": {
    "criteria": {
      "desert_hills": "2024-08-05 14:08:49 +0000",
      "plains": "2024-08-05 13:53:19 +0000",
      "roofed_forest": "2024-08-05 13:58:24 +0000",
      "river": "2024-08-05 14:01:05 +0000",
      "desert": "2024-08-05 14:01:06 +0000"
    },
    "done": false
  }
}