{
  "minecraft:recipes/tools/fishing_rod": {
    "criteria": {
      "has_string": "2024-08-08 01:39:10 +0000"
    },
    "done": true
  },
  "dungeontactics:recipes/misc/convenience/planks_from_sticks": {
    "criteria": {
      "has_acacia": "2024-08-08 01:26:46 +0000"
    },
    "done": true
  },
  "dungeontactics:recipes/weapons/stone_weapons": {
    "criteria": {
      "has_item": "2024-08-08 01:29:12 +0000"
    },
    "done": true
  },
  "minecraft:recipes/tools/wooden_axe": {
    "criteria": {
      "has_stick": "2024-08-08 01:26:54 +0000"
    },
    "done": true
  },
  "minecraft:recipes/redstone/lever": {
    "criteria": {
      "has_cobblestone": "2024-08-08 01:29:12 +0000"
    },
    "done": true
  },
  "tombstone:tutorial/first_knowledge": {
    "criteria": {
      "coded_trigger": "2024-08-08 01:32:59 +0000"
    },
    "done": true
  },
  "dungeontactics:recipes/weapons/slingshot": {
    "criteria": {
      "has_item": "2024-08-08 01:39:10 +0000"
    },
    "done": true
  },
  "minecraft:recipes/building_blocks/acacia_wooden_slab": {
    "criteria": {
      "has_planks": "2024-08-08 01:26:46 +0000"
    },
    "done": true
  },
  "minecraft:recipes/combat/iron_sword": {
    "criteria": {
      "has_iron_ingot": "2024-08-08 01:39:17 +0000"
    },
    "done": true
  },
  "dungeontactics:recipes/misc/convenience/sticks_from_cactus": {
    "criteria": {
      "has_stick": "2024-08-08 01:26:54 +0000"
    },
    "done": true
  },
  "minecraft:recipes/tools/iron_pickaxe": {
    "criteria": {
      "has_iron_ingot": "2024-08-08 01:39:17 +0000"
    },
    "done": true
  },
  "minecraft:recipes/combat/leather_helmet": {
    "criteria": {
      "has_leather": "2024-08-08 01:30:12 +0000"
    },
    "done": true
  },
  "dungeontactics:recipes/misc/ironlinks": {
    "criteria": {
      "has_ingot": "2024-08-08 01:39:17 +0000"
    },
    "done": true
  },
  "minecraft:recipes/decorations/crafting_table": {
    "criteria": {
      "has_planks": "2024-08-08 01:26:46 +0000"
    },
    "done": true
  },
  "tombstone:tutorial/find_grave_dust": {
    "criteria": {
      "has_grave_dust": "2024-08-08 01:33:58 +0000"
    },
    "done": true
  },
  "minecraft:recipes/redstone/trapdoor": {
    "criteria": {
      "has_planks": "2024-08-08 01:26:46 +0000"
    },
    "done": true
  },
  "minecraft:recipes/decorations/ladder": {
    "criteria": {
      "has_stick": "2024-08-08 01:26:54 +0000"
    },
    "done": true
  },
  "minecraft:recipes/misc/iron_nugget": {
    "criteria": {
      "has_iron_ingot": "2024-08-08 01:39:17 +0000"
    },
    "done": true
  },
  "minecraft:recipes/decorations/chest": {
    "criteria": {
      "has_lots_of_items": "2024-08-08 01:30:12 +0000"
    },
    "done": true
  },
  "minecraft:recipes/tools/wooden_shovel": {
    "criteria": {
      "has_stick": "2024-08-08 01:26:54 +0000"
    },
    "done": true
  },
  "dungeontactics:recipes/misc/wooden_chair": {
    "criteria": {
      "has_recipe": "2024-08-08 01:26:54 +0000",
      "has_wood": "2024-08-08 01:26:54 +0000"
    },
    "done": true
  },
  "minecraft:recipes/redstone/wooden_pressure_plate": {
    "criteria": {
      "has_planks": "2024-08-08 01:26:46 +0000"
    },
    "done": true
  },
  "minecraft:recipes/tools/shears": {
    "criteria": {
      "has_iron_ingot": "2024-08-08 01:39:17 +0000"
    },
    "done": true
  },
  "minecraft:recipes/misc/stick": {
    "criteria": {
      "has_planks": "2024-08-08 01:26:46 +0000"
    },
    "done": true
  },
  "minecraft:recipes/redstone/acacia_fence_gate": {
    "criteria": {
      "has_planks": "2024-08-08 01:26:46 +0000"
    },
    "done": true
  },
  "minecraft:recipes/misc/yellow_dye_from_dandelion": {
    "criteria": {
      "has_yellow_flower": "2024-08-08 01:33:15 +0000"
    },
    "done": true
  },
  "minecraft:recipes/decorations/sign": {
    "criteria": {
      "has_planks": "2024-08-08 01:26:46 +0000"
    },
    "done": true
  },
  "dungeontactics:recipes/misc/wooden_table": {
    "criteria": {
      "has_wood": "2024-08-08 01:26:54 +0000"
    },
    "done": true
  },
  "minecraft:recipes/transportation/spruce_boat": {
    "criteria": {
      "entered_water": "2024-08-08 01:25:15 +0000"
    },
    "done": true
  },
  "minecraft:recipes/redstone/wooden_button": {
    "criteria": {
      "has_planks": "2024-08-08 01:26:46 +0000"
    },
    "done": true
  },
  "minecraft:recipes/combat/wooden_sword": {
    "criteria": {
      "has_stick": "2024-08-08 01:26:54 +0000"
    },
    "done": true
  },
  "minecraft:recipes/tools/stone_shovel": {
    "criteria": {
      "has_cobblestone": "2024-08-08 01:29:12 +0000"
    },
    "done": true
  },
  "minecraft:recipes/building_blocks/oak_planks": {
    "criteria": {
      "has_log": "2024-08-08 01:38:17 +0000"
    },
    "done": true
  },
  "dungeontactics:recipes/misc/convenience/string_from_wool": {
    "criteria": {
      "has_string": "2024-08-08 01:39:10 +0000"
    },
    "done": true
  },
  "minecraft:recipes/combat/iron_leggings": {
    "criteria": {
      "has_iron_ingot": "2024-08-08 01:39:17 +0000"
    },
    "done": true
  },
  "dungeontactics:recipes/tools/climbing_rope": {
    "criteria": {
      "has_recipe": "2024-08-08 01:26:54 +0000"
    },
    "done": true
  },
  "minecraft:recipes/tools/iron_axe": {
    "criteria": {
      "has_iron_ingot": "2024-08-08 01:39:17 +0000"
    },
    "done": true
  },
  "minecraft:husbandry/balanced_diet": {
    "criteria": {
      "beef": "2024-08-08 01:30:53 +0000"
    },
    "done": false
  },
  "tombstone:recipes/from_grave_key": {
    "criteria": {
      "has_ingredient": "2024-08-08 01:32:06 +0000"
    },
    "done": true
  },
  "minecraft:recipes/tools/wooden_hoe": {
    "criteria": {
      "has_stick": "2024-08-08 01:26:54 +0000"
    },
    "done": true
  },
  "minecraft:recipes/combat/shield": {
    "criteria": {
      "has_iron_ingot": "2024-08-08 01:39:17 +0000"
    },
    "done": true
  },
  "minecraft:recipes/building_blocks/cobblestone_slab": {
    "criteria": {
      "has_cobblestone": "2024-08-08 01:29:12 +0000"
    },
    "done": true
  },
  "minecraft:recipes/redstone/tripwire_hook": {
    "criteria": {
      "has_string": "2024-08-08 01:39:10 +0000"
    },
    "done": true
  },
  "minecraft:recipes/misc/bucket": {
    "criteria": {
      "has_iron_ingot": "2024-08-08 01:39:17 +0000"
    },
    "done": true
  },
  "minecraft:recipes/combat/iron_boots": {
    "criteria": {
      "has_iron_ingot": "2024-08-08 01:39:17 +0000"
    },
    "done": true
  },
  "minecraft:recipes/redstone/hopper": {
    "criteria": {
      "has_iron_ingot": "2024-08-08 01:39:17 +0000"
    },
    "done": true
  },
  "minecraft:story/root": {
    "criteria": {
      "crafting_table": "2024-08-08 01:26:49 +0000"
    },
    "done": true
  },
  "dungeontactics:dungeoneering/born_survivor": {
    "criteria": {
      "stab": "2024-08-08 01:25:03 +0000",
      "cherrybomb": "2024-08-08 01:30:53 +0000"
    },
    "done": false
  },
  "minecraft:recipes/combat/iron_chestplate": {
    "criteria": {
      "has_iron_ingot": "2024-08-08 01:39:17 +0000"
    },
    "done": true
  },
  "dungeontactics:recipes/weapons/wooden_weapons": {
    "criteria": {
      "has_item": "2024-08-08 01:26:54 +0000"
    },
    "done": true
  },
  "dungeontactics:dungeoneering/root": {
    "criteria": {
      "kill": "2024-08-08 01:30:10 +0000"
    },
    "done": true
  },
  "dungeontactics:recipes/tools/fire_starter": {
    "criteria": {
      "has_item": "2024-08-08 01:26:54 +0000"
    },
    "done": true
  },
  "minecraft:recipes/combat/leather_leggings": {
    "criteria": {
      "has_leather": "2024-08-08 01:30:12 +0000"
    },
    "done": true
  },
  "minecraft:recipes/combat/iron_helmet": {
    "criteria": {
      "has_iron_ingot": "2024-08-08 01:39:17 +0000"
    },
    "done": true
  },
  "minecraft:recipes/combat/bow": {
    "criteria": {
      "has_string": "2024-08-08 01:39:10 +0000"
    },
    "done": true
  },
  "minecraft:recipes/building_blocks/string_to_wool": {
    "criteria": {
      "has_string": "2024-08-08 01:39:10 +0000"
    },
    "done": true
  },
  "tombstone:tutorial/root": {
    "criteria": {
      "auto": "2024-08-08 01:24:30 +0000"
    },
    "done": true
  },
  "minecraft:recipes/combat/leather_chestplate": {
    "criteria": {
      "has_leather": "2024-08-08 01:30:12 +0000"
    },
    "done": true
  },
  "minecraft:recipes/building_blocks/acacia_planks": {
    "criteria": {
      "has_log2": "2024-08-08 01:26:37 +0000"
    },
    "done": true
  },
  "minecraft:recipes/decorations/acacia_fence": {
    "criteria": {
      "has_planks": "2024-08-08 01:26:46 +0000"
    },
    "done": true
  },
  "minecraft:adventure/kill_a_mob": {
    "criteria": {
      "skeleton": "2024-08-08 01:40:08 +0000"
    },
    "done": true
  },
  "minecraft:recipes/decorations/iron_bars": {
    "criteria": {
      "has_iron_ingot": "2024-08-08 01:39:17 +0000"
    },
    "done": true
  },
  "dungeontactics:recipes/armour/iron_plate_armour": {
    "criteria": {
      "has_item": "2024-08-08 01:39:17 +0000"
    },
    "done": true
  },
  "minecraft:story/obtain_armor": {
    "criteria": {
      "iron_chestplate": "2024-08-08 01:39:22 +0000"
    },
    "done": true
  },
  "tombstone:recipes/from_grave_dust": {
    "criteria": {
      "has_ingredient": "2024-08-08 01:33:58 +0000"
    },
    "done": true
  },
  "minecraft:story/mine_stone": {
    "criteria": {
      "get_stone": "2024-08-08 01:29:12 +0000"
    },
    "done": true
  },
  "dungeontactics:recipes/misc/brazier": {
    "criteria": {
      "has_torch": "2024-08-08 01:39:22 +0000"
    },
    "done": true
  },
  "dungeontactics:recipes/misc/lantern_iron": {
    "criteria": {
      "has_iron": "2024-08-08 01:39:17 +0000"
    },
    "done": true
  },
  "minecraft:recipes/building_blocks/polished_andesite": {
    "criteria": {
      "has_stone": "2024-08-08 01:28:56 +0000"
    },
    "done": true
  },
  "minecraft:recipes/transportation/minecart": {
    "criteria": {
      "has_iron_ingot": "2024-08-08 01:39:17 +0000"
    },
    "done": true
  },
  "minecraft:recipes/decorations/furnace": {
    "criteria": {
      "has_cobblestone": "2024-08-08 01:29:12 +0000"
    },
    "done": true
  },
  "minecraft:adventure/adventuring_time": {
    "criteria": {
      "savanna": "2024-08-08 01:25:39 +0000",
      "plains": "2024-08-08 01:24:42 +0000",
      "river": "2024-08-08 01:26:00 +0000",
      "desert": "2024-08-08 01:33:43 +0000"
    },
    "done": false
  },
  "minecraft:recipes/redstone/iron_door": {
    "criteria": {
      "has_iron_ingot": "2024-08-08 01:39:17 +0000"
    },
    "done": true
  },
  "minecraft:recipes/tools/wooden_pickaxe": {
    "criteria": {
      "has_stick": "2024-08-08 01:26:54 +0000"
    },
    "done": true
  },
  "minecraft:recipes/tools/iron_hoe": {
    "criteria": {
      "has_iron_ingot": "2024-08-08 01:39:17 +0000"
    },
    "done": true
  },
  "minecraft:husbandry/root": {
    "criteria": {
      "consumed_item": "2024-08-08 01:30:53 +0000"
    },
    "done": true
  },
  "minecraft:recipes/transportation/birch_boat": {
    "criteria": {
      "entered_water": "2024-08-08 01:25:15 +0000"
    },
    "done": true
  },
  "minecraft:recipes/combat/stone_sword": {
    "criteria": {
      "has_cobblestone": "2024-08-08 01:29:12 +0000"
    },
    "done": true
  },
  "minecraft:recipes/decorations/cobblestone_wall": {
    "criteria": {
      "has_cobblestone": "2024-08-08 01:29:12 +0000"
    },
    "done": true
  },
  "minecraft:recipes/transportation/acacia_boat": {
    "criteria": {
      "entered_water": "2024-08-08 01:25:15 +0000"
    },
    "done": true
  },
  "minecraft:recipes/tools/iron_shovel": {
    "criteria": {
      "has_iron_ingot": "2024-08-08 01:39:17 +0000"
    },
    "done": true
  },
  "minecraft:recipes/tools/stone_pickaxe": {
    "criteria": {
      "has_cobblestone": "2024-08-08 01:29:12 +0000"
    },
    "done": true
  },
  "minecraft:recipes/redstone/iron_trapdoor": {
    "criteria": {
      "has_iron_ingot": "2024-08-08 01:39:17 +0000"
    },
    "done": true
  },
  "minecraft:recipes/redstone/acacia_door": {
    "criteria": {
      "has_planks": "2024-08-08 01:26:46 +0000"
    },
    "done": true
  },
  "minecraft:adventure/root": {
    "criteria": {
      "killed_something": "2024-08-08 01:30:10 +0000"
    },
    "done": true
  },
  "minecraft:recipes/transportation/boat": {
    "criteria": {
      "entered_water": "2024-08-08 01:25:15 +0000"
    },
    "done": true
  },
  "minecraft:recipes/combat/leather_boots": {
    "criteria": {
      "has_leather": "2024-08-08 01:30:12 +0000"
    },
    "done": true
  },
  "minecraft:recipes/transportation/jungle_boat": {
    "criteria": {
      "entered_water": "2024-08-08 01:25:15 +0000"
    },
    "done": true
  },
  "dungeontactics:recipes/weapons/iron_weapons": {
    "criteria": {
      "has_item": "2024-08-08 01:39:17 +0000"
    },
    "done": true
  },
  "dungeontactics:recipes/misc/convenience/sticks_from_saplings": {
    "criteria": {
      "has_stick": "2024-08-08 01:26:54 +0000"
    },
    "done": true
  },
  "minecraft:recipes/decorations/item_frame": {
    "criteria": {
      "has_leather": "2024-08-08 01:30:12 +0000"
    },
    "done": true
  },
  "minecraft:recipes/redstone/heavy_weighted_pressure_plate": {
    "criteria": {
      "has_iron_ingot": "2024-08-08 01:39:17 +0000"
    },
    "done": true
  },
  "minecraft:recipes/tools/stone_hoe": {
    "criteria": {
      "has_cobblestone": "2024-08-08 01:29:12 +0000"
    },
    "done": true
  },
  "minecraft:recipes/transportation/dark_oak_boat": {
    "criteria": {
      "entered_water": "2024-08-08 01:25:15 +0000"
    },
    "done": true
  },
  "tombstone:tutorial/cancel_ghostly_shape": {
    "criteria": {
      "coded_trigger": "2024-08-08 01:32:59 +0000"
    },
    "done": true
  },
  "minecraft:adventure/kill_all_mobs": {
    "criteria": {
      "skeleton": "2024-08-08 01:40:08 +0000"
    },
    "done": false
  },
  "dungeontactics:recipes/armour/studded_armour": {
    "criteria": {
      "has_item": "2024-08-08 01:39:17 +0000"
    },
    "done": true
  },
  "dungeontactics:recipes/armour/stone_plate_armour": {
    "criteria": {
      "has_item": "2024-08-08 01:29:12 +0000"
    },
    "done": true
  },
  "minecraft:recipes/building_blocks/stone_stairs": {
    "criteria": {
      "has_cobblestone": "2024-08-08 01:29:12 +0000"
    },
    "done": true
  },
  "tombstone:tutorial/first_grave": {
    "criteria": {
      "coded_trigger": "2024-08-08 01:32:04 +0000"
    },
    "done": true
  },
  "buildcraftcore:root": {
    "criteria": {
      "has_stick": "2024-08-08 01:26:54 +0000"
    },
    "done": true
  },
  "minecraft:recipes/building_blocks/acacia_stairs": {
    "criteria": {
      "has_planks": "2024-08-08 01:26:46 +0000"
    },
    "done": true
  },
  "minecraft:story/smelt_iron": {
    "criteria": {
      "iron": "2024-08-08 01:39:17 +0000"
    },
    "done": true
  },
  "minecraft:recipes/tools/stone_axe": {
    "criteria": {
      "has_cobblestone": "2024-08-08 01:29:12 +0000"
    },
    "done": true
  },
  "dungeontactics:recipes/misc/barrel": {
    "criteria": {
      "has_acacia": "2024-08-08 01:26:46 +0000"
    },
    "done": true
  }
}